"","Nom.du.campement","Old_person","Adulte","Enfant...Notez.si.la.personne.est.un.enfant.","MY.REFERENCE","Sexe","Lieu.de.naissance.coded","Tranche.d.age","V1","V2","V3","V4","V5","V6","V7","V8","V9","V10","V11","V12","V13","V14","V15","V16","V17","V18","V19","V20","V21","V22","V23","V24","V25","V26","V27","V28","V29","V30","V31","V32","V33","V34","V35","V36","V37","V38","V39","V40","V41","V42","V43","V44","V45","V46","V47","V48","V49","V50","V51","V52","V53","V54","V55","V56","V57","V58","V59","V60","V61","V62","V63","V64","median","max","min","places_visited","total_gather"
"4","Kakélo6",0,1,"Non","M151","F","Bangui","Adulte",0,0,0,0,0,0,0,0,0,0,0,0,0,0,0,0,0,0,0,0,0,0,0,0,0,0,0,0,0,0,0,0,0,0,0,0,0,0,0,0,0,0,0,0,0,0,0,0,0,0,0,0,0,0,0,0,0,0,0,0,0,0,0,0,NA,-Inf,-Inf,4,0
"5","Boua2",0,0,"","M75","F","Bangui","FALSE",0,0,0,0,0,0,0,0,0,0,0,0,2139.85027524602,9011.84018413536,0,0,0,0,0,0,0,0,0,0,0,0,0,0,0,0,0,0,0,0,0,0,0,0,0,0,0,0,0,0,0,0,0,0,0,0,0,0,0,0,0,0,0,0,0,0,0,0,0,0,5575.84522969069,9011.84018413536,2139.85027524602,5,3
"7","Kakélo4",0,1,"Non","M167","M","Bangui","Adulte",0,0,0,0,0,0,0,0,0,0,0,0,0,0,0,0,0,0,0,0,0,0,0,0,0,0,0,0,0,0,0,0,0,0,0,0,0,0,0,0,0,0,0,0,0,0,0,0,0,0,0,0,0,0,0,0,0,0,0,0,0,0,0,0,NA,-Inf,-Inf,7,0
"8","Boua1",0,1,"Non","M90","F","Bangui","Adulte",0,0,0,0,0,0,0,0,0,0,0,0,2306.38930255378,9172.8837897126,9085.00963425744,0,0,10120.0868718259,10411.3955637844,0,0,0,0,0,0,0,0,0,0,0,0,0,0,0,0,0,0,0,0,0,0,0,0,0,0,0,0,0,0,0,0,0,0,0,0,0,0,0,0,0,0,0,0,0,9172.8837897126,10411.3955637844,2306.38930255378,10,5
"9","Kakélo6",0,1,"Non","M111","F","Bangui","Adulte",0,0,0,0,0,0,0,0,0,0,0,0,0,2796.94375733602,2341.8448165916,0,0,349.832173975241,0,0,0,0,0,0,0,0,0,0,0,0,0,0,0,0,0,0,0,0,0,0,0,0,0,0,0,0,0,0,0,0,0,0,0,0,0,0,0,0,0,0,0,0,0,0,2341.8448165916,2796.94375733602,349.832173975241,8,3
"10","Kakélo4",0,0,"Non","M119","F","Bangui","Adolescent",0,0,0,0,0,0,0,0,0,0,0,0,0,0,0,0,0,0,0,0,0,0,0,0,0,0,0,0,0,0,0,0,0,0,0,0,0,0,0,0,0,0,0,0,0,0,0,0,0,0,0,0,0,0,0,0,0,0,0,0,0,0,0,0,NA,-Inf,-Inf,8,0
"13","Kakélo2",0,1,"Non","M132","F","Bangui","Adulte",0,0,0,0,0,0,0,0,0,14631.1288382643,0,0,0,0,0,0,0,0,0,0,0,0,0,0,0,0,0,0,0,0,0,0,0,0,0,0,0,0,0,0,0,0,0,0,0,0,0,0,0,0,0,0,0,0,0,0,0,0,0,0,0,0,0,0,14631.1288382643,14631.1288382643,14631.1288382643,1,1
"15","Kakélo5",0,0,"Non","M142","M","Bangui","Adolescent",0,0,0,0,0,0,0,0,0,0,0,0,0,0,0,0,0,0,0,0,0,0,0,0,0,0,0,0,0,0,0,0,0,0,0,0,0,0,0,0,0,0,0,0,0,0,0,0,0,0,0,0,0,0,0,0,0,0,0,0,0,0,0,0,NA,-Inf,-Inf,3,0
"17","Boua1",1,1,"Non","M63","F","Bangui","Personne âgée",0,0,0,0,0,0,0,0,0,0,0,0,0,9172.8837897126,9085.00963425744,0,0,0,0,0,0,0,0,0,0,0,0,0,0,0,0,0,0,0,0,0,0,0,0,0,0,0,0,0,0,0,0,0,0,0,0,0,0,0,0,0,0,0,0,0,0,0,0,0,9128.94671198502,9172.8837897126,9085.00963425744,4,2
"18","Bateké1",0,1,"Non","M11","M","Djoubou","Adulte",0,0,0,0,0,0,0,0,0,0,0,0,0,0,0,0,0,0,0,0,0,0,0,0,0,0,0,0,0,0,0,0,0,0,0,0,0,0,0,0,0,0,0,0,0,0,0,0,0,0,0,0,0,0,0,0,0,0,0,0,0,0,0,0,NA,-Inf,-Inf,3,0
"19","Kakélo4",0,1,"Non","M162","F","Bangui","Adulte",0,0,0,0,0,0,0,0,0,0,0,0,0,0,0,0,0,0,0,0,0,0,0,0,0,0,0,0,0,0,0,0,0,0,0,0,0,0,0,0,0,0,0,0,0,0,0,0,0,0,0,0,0,0,0,0,0,0,0,0,0,0,0,0,NA,-Inf,-Inf,1,0
"22","Boua2",0,1,"Non","M130","M","Bangui","Adulte",0,0,0,0,0,0,0,0,0,0,0,0,0,0,0,0,0,0,0,0,0,0,0,0,0,0,0,0,0,0,0,0,0,0,0,0,0,0,0,0,0,0,0,0,0,0,0,0,0,0,0,0,0,0,0,0,0,0,0,0,0,0,0,0,NA,-Inf,-Inf,11,0
"23","Boua2",0,1,"Non","M126","M","Bangui","Adulte",0,0,0,0,0,0,0,0,0,0,0,0,0,9011.84018413536,0,0,0,0,0,0,0,0,0,0,0,0,0,0,0,0,0,0,0,0,0,0,0,0,0,0,0,0,0,0,0,0,0,0,0,0,0,0,0,0,0,0,0,0,0,0,0,0,0,0,9011.84018413536,9011.84018413536,9011.84018413536,3,1
"27","Boua1",0,1,"Non","M68","F","Bangui","Adulte",0,0,0,0,0,0,0,0,0,0,0,0,0,0,0,0,0,0,0,0,0,0,0,0,0,0,0,0,0,0,0,0,0,0,0,0,0,0,0,0,0,0,0,0,0,0,0,0,0,0,0,0,0,0,0,0,0,0,0,0,0,0,0,0,NA,-Inf,-Inf,1,0
"31","Mopendé",1,1,"Non","M36","F","Papé","Personne âgée",0,0,0,0,0,0,0,0,0,0,0,0,0,0,0,0,0,0,0,0,0,0,0,0,0,0,0,0,0,0,0,0,0,0,0,0,0,0,0,0,0,0,0,0,0,0,0,0,0,0,0,0,0,0,0,0,0,0,0,0,0,0,0,0,NA,-Inf,-Inf,2,0
"32","Kakélo1",1,1,"Non","M94","M","Bangui","Personne âgée",0,0,0,0,0,0,0,0,0,0,0,0,0,0,0,0,0,0,0,0,0,0,0,0,0,0,0,0,0,0,0,0,0,0,0,0,0,0,0,0,0,0,0,0,0,0,0,0,0,0,0,0,0,0,0,0,0,0,0,0,0,0,0,0,NA,-Inf,-Inf,2,0
"33","Bakouengué",0,1,"Non","M32","F","Bayanga","Adulte",0,0,0,0,0,0,0,0,0,0,0,0,0,0,0,0,0,0,0,0,0,0,0,0,0,0,0,0,0,0,0,0,0,0,0,0,0,0,0,0,0,0,0,0,0,0,0,0,0,0,0,0,0,0,0,0,0,0,0,0,0,0,0,0,NA,-Inf,-Inf,1,0
"35","Kakélo2",0,1,"Non","M84","F","Bangui","Adulte",0,0,0,0,0,0,0,0,0,0,0,0,0,0,0,0,0,0,0,0,0,0,0,0,0,0,0,0,0,0,0,0,0,0,0,0,0,0,0,0,0,0,0,0,0,0,0,0,0,0,0,0,0,0,0,0,0,0,0,0,0,0,0,0,NA,-Inf,-Inf,0,0
"37","Bateké2",0,0,"Non","M15","F","Maca","Adolescent",0,0,0,0,0,0,0,0,0,0,0,0,0,0,0,0,0,0,0,0,0,0,0,0,0,0,0,0,0,0,0,0,0,0,0,0,0,0,0,0,0,0,0,0,0,0,0,0,0,0,0,0,0,0,0,0,0,0,0,0,0,0,0,0,NA,-Inf,-Inf,5,0
"38","Moyimbi",0,1,"Non","M2","M","Dongou","Adulte",0,0,0,0,0,0,0,0,0,0,0,0,0,0,0,0,0,0,0,0,0,0,0,0,0,0,0,0,0,0,0,0,0,0,0,0,0,0,0,0,0,0,0,0,0,0,0,0,0,0,0,0,0,0,0,0,0,0,0,0,0,0,0,0,NA,-Inf,-Inf,3,0
"39","Boua2",0,1,"Non","M74","M","Bangui","Adulte",0,0,0,0,0,0,0,0,0,0,0,0,0,0,0,0,0,0,0,0,0,0,0,0,0,0,0,0,0,0,0,0,0,0,0,0,0,0,0,0,0,0,0,0,0,0,0,0,0,0,0,0,0,0,0,0,0,0,0,0,0,0,0,0,NA,-Inf,-Inf,2,0
"40","Moyimbi",0,1,"Non","M5","F","Mobongo","Adulte",0,0,0,0,0,0,0,0,0,0,0,0,0,0,0,0,0,0,0,0,0,0,0,0,0,0,0,0,0,0,0,0,0,0,0,0,0,0,0,0,0,0,0,0,0,0,0,0,0,0,0,0,0,0,0,0,0,0,0,0,0,0,0,0,NA,-Inf,-Inf,0,0
"41","Bakouengué",0,1,"Non","M26","F","Macao","Adulte",0,0,0,0,0,0,0,0,0,0,0,0,0,0,0,0,0,0,0,0,0,0,0,0,0,0,0,0,0,0,0,0,0,0,0,0,0,0,0,0,0,0,0,0,0,0,0,0,0,0,0,0,0,0,0,0,0,0,0,0,0,0,0,0,NA,-Inf,-Inf,3,0
"42","Kakélo6",0,1,"Non","M154","F","Bangui","Adulte",0,0,0,0,0,0,0,0,0,0,0,0,0,0,0,0,0,0,0,0,0,0,0,0,0,0,0,0,0,0,0,0,0,0,0,0,0,0,0,0,0,0,0,0,0,0,0,0,0,0,0,0,0,0,0,0,0,0,0,0,0,0,0,0,NA,-Inf,-Inf,0,0
"43","Movossovosso",1,1,"Non","M81","M","Dongou","Personne âgée",0,0,0,0,0,0,0,0,0,0,0,0,0,0,0,0,0,0,0,0,0,0,0,0,0,0,0,0,0,0,0,0,0,0,0,0,0,0,0,0,0,0,0,0,0,0,0,0,0,0,0,0,0,0,0,0,0,0,0,0,0,0,0,0,NA,-Inf,-Inf,3,0
"44","Boua1",0,0,"Non","M93","M","Bangui","Adolescent",0,0,0,0,0,0,0,0,0,0,0,0,0,0,0,0,0,10120.0868718259,10411.3955637844,0,0,0,0,0,0,0,0,0,0,0,0,0,0,0,0,0,0,0,0,0,0,0,0,0,0,0,0,0,0,0,0,0,0,0,0,0,0,0,0,0,0,0,0,0,10265.7412178051,10411.3955637844,10120.0868718259,10,2
"46","Boua2",0,1,"Non","M127","F","Bangui","Adulte",0,0,0,0,0,0,0,0,0,0,0,0,0,9011.84018413536,8919.50767534176,9372.23789720004,9863.62628293346,9944.53369670127,10235.1190240658,0,0,0,0,0,0,0,0,0,0,0,0,0,0,0,0,0,0,0,0,0,0,0,0,0,0,0,0,0,0,0,0,0,0,0,0,0,0,0,0,0,0,0,0,0,9617.93209006675,10235.1190240658,8919.50767534176,9,6
"47","Kakélo4",0,1,"Non","M116","F","Bangui","Adulte",0,0,0,0,0,0,0,0,0,0,0,0,0,0,0,0,0,0,0,0,0,0,0,0,0,0,0,0,0,0,0,0,0,0,0,0,0,0,0,0,0,0,0,0,0,0,0,0,0,0,0,0,0,0,0,0,0,0,0,0,0,0,0,0,NA,-Inf,-Inf,1,0
"49","Kakélo1",0,1,"Non","M96","M","Bangui","Adulte",0,0,0,0,0,0,0,0,0,0,0,0,0,0,0,0,0,0,0,0,0,86565.58499299,0,0,0,0,0,0,0,0,0,0,0,0,0,0,0,0,0,0,0,0,0,0,0,0,0,0,0,0,0,0,0,0,0,0,0,0,0,0,0,0,0,0,86565.58499299,86565.58499299,86565.58499299,7,1
"53","Papé",0,0,"Non","M49","F","Papé","Adolescent",0,0,0,0,0,0,0,0,0,0,0,0,0,0,0,0,0,0,0,0,0,0,0,0,0,0,0,0,0,0,0,0,0,0,0,0,0,0,0,0,0,0,0,0,0,0,0,0,0,0,0,0,0,0,0,0,0,0,0,0,0,0,0,0,NA,-Inf,-Inf,1,0
"56","Kakélo3",0,1,"Non","M140","M","Bangui","Adulte",0,0,0,0,0,0,0,0,0,0,0,0,0,0,0,0,0,0,0,0,0,0,0,0,0,0,0,0,0,0,0,0,0,0,0,0,0,0,0,0,0,0,0,0,0,0,0,0,0,0,0,0,0,0,0,0,0,0,0,0,0,0,0,0,NA,-Inf,-Inf,3,0
"58","Kakélo6",0,1,"Non","M103","M","Bangui","Adulte",0,0,0,0,0,0,0,0,0,0,0,0,0,0,0,0,0,0,0,0,0,0,0,0,0,0,0,0,0,0,0,0,0,0,0,0,0,0,0,0,0,0,0,0,0,0,0,0,0,0,0,0,0,0,0,0,0,0,0,0,0,0,0,0,NA,-Inf,-Inf,8,0
"59","Boua1",0,1,"Non","M92","F","Bangui","Adulte",0,0,0,0,0,0,0,0,0,0,0,0,0,0,0,0,0,10120.0868718259,10411.3955637844,0,0,0,0,0,0,0,0,0,0,0,0,0,0,0,0,0,0,0,0,0,0,0,0,0,0,0,0,0,0,0,0,0,0,0,0,0,0,0,0,0,0,0,0,0,10265.7412178051,10411.3955637844,10120.0868718259,11,3
"63","Kakélo6",0,1,"Non","M108","F","Bangui","Adulte",0,0,0,0,0,0,0,0,0,0,0,10235.1190240658,8148.95067736465,0,0,0,0,0,0,0,0,0,0,0,0,0,0,0,0,0,0,0,0,0,0,0,0,0,0,0,0,0,0,0,0,0,0,0,0,0,0,0,0,0,0,0,0,0,0,0,0,0,0,0,9192.03485071522,10235.1190240658,8148.95067736465,8,2
"64","Bakouengué",0,1,"Non","M31","M","Berandjokou","Adulte",0,0,0,0,0,0,0,0,0,0,0,0,0,0,0,0,0,0,0,0,0,0,0,0,0,0,0,0,0,0,0,0,0,0,0,0,0,0,0,0,24156.7445854683,0,0,0,0,0,0,0,0,0,0,0,0,0,0,0,0,0,0,0,0,0,0,0,24156.7445854683,24156.7445854683,24156.7445854683,9,1
"65","Kakélo5",0,1,"Non","M99","F","Bangui","Adulte",0,0,0,0,0,0,0,0,0,0,0,0,7848.88419351203,2480.03501039679,2009.72857423378,1483.03121989781,274.674893840174,0,0,0,0,0,0,0,0,0,0,0,0,0,0,0,0,0,0,0,0,0,0,0,0,0,0,0,0,0,0,0,0,0,0,0,0,0,0,0,0,0,0,0,0,0,0,0,2009.72857423378,7848.88419351203,274.674893840174,8,6
"71","Molapa_MA",0,1,"Non","M24","M","Bangui","Adulte",0,0,0,0,0,0,0,0,0,0,0,0,0,0,0,0,0,0,0,0,0,0,0,0,0,0,0,0,0,0,0,0,0,0,0,0,0,0,0,0,0,0,0,0,0,0,0,0,0,0,0,0,0,0,0,0,0,0,0,0,0,0,0,0,NA,-Inf,-Inf,1,0
"73","Kakélo2",0,1,"Non","M83","M","Bangui","Adulte",0,0,0,0,0,0,0,0,0,0,0,0,0,0,0,0,0,0,0,0,0,0,0,0,0,0,0,0,0,0,0,0,0,0,0,0,0,0,0,0,51756.9057453129,0,0,0,0,0,0,0,0,0,0,0,0,0,0,0,0,0,0,0,0,0,0,0,51756.9057453129,51756.9057453129,51756.9057453129,2,1
"75","Bateké1",0,1,"Non","M12","F","Macao","Adulte",0,0,0,0,0,0,0,0,0,0,0,0,0,0,0,0,0,0,0,0,0,0,0,0,0,0,0,0,0,0,0,0,0,0,0,0,0,0,0,0,0,0,0,0,0,0,0,0,0,0,0,0,0,0,0,0,0,0,0,0,0,0,0,0,NA,-Inf,-Inf,1,0
"77","Kakélo6",0,1,"Non","M150","M","Macao","Adulte",0,0,0,0,0,0,0,0,0,0,0,0,0,0,0,0,0,0,0,0,0,0,0,0,0,0,0,0,0,0,0,0,0,0,0,0,0,0,0,0,0,0,0,0,0,0,0,0,0,0,0,0,0,0,0,0,0,0,0,0,0,0,0,0,NA,-Inf,-Inf,5,0
"79","Mopendé",0,1,"Non","M41","F","Papé","Adulte",0,0,0,0,0,0,0,0,0,0,0,0,0,0,0,0,0,0,0,0,0,0,0,0,0,0,0,0,0,0,0,0,0,0,0,0,0,0,0,0,0,0,0,0,0,0,0,0,0,0,0,0,0,0,0,0,0,0,0,0,0,0,0,0,NA,-Inf,-Inf,2,0
"80","Kakélo4",0,1,"Non","M115","M","","Adulte",0,0,0,0,0,0,0,0,0,0,0,0,0,0,0,0,0,0,0,0,0,0,0,0,0,0,0,0,0,0,0,0,0,0,0,0,0,0,0,0,0,0,0,0,0,0,0,0,0,0,0,0,0,0,0,0,0,0,0,0,0,0,0,0,NA,-Inf,-Inf,2,0
"81","Kakélo2",0,1,"Non","M131","M","Bangui","Adulte",0,0,0,0,0,0,0,0,0,0,0,0,0,0,0,0,0,0,0,0,0,0,0,0,0,0,0,0,0,0,0,0,0,0,0,0,0,0,0,0,0,0,0,0,0,0,0,0,0,0,0,0,0,0,0,0,0,0,0,0,0,0,0,0,NA,-Inf,-Inf,6,0
"82","Molapa_MA",0,1,"Non","M25","F","Macao","Adulte",0,0,0,0,0,0,0,0,0,0,0,0,0,0,0,0,0,0,0,0,0,0,0,0,0,0,0,0,0,0,0,0,0,0,0,0,0,0,0,0,0,0,0,0,0,0,0,0,0,0,0,0,0,0,0,0,0,0,0,0,0,0,0,0,NA,-Inf,-Inf,0,0
"84","Boua1",0,1,"Non","M137","F","Dongou","Adulte",0,0,0,0,0,0,0,0,0,0,0,0,0,9172.8837897126,9085.00963425744,0,0,0,0,0,0,0,0,0,0,0,0,0,0,0,0,0,0,0,0,0,0,0,0,0,0,0,0,0,0,0,0,0,0,0,0,0,0,0,0,0,0,0,0,0,0,0,0,0,9128.94671198502,9172.8837897126,9085.00963425744,4,2
"85","Kakélo1",0,1,"Non","M97","F","Bangui","Adulte",0,0,0,0,0,0,0,0,0,0,0,0,0,0,0,0,0,0,0,0,0,0,0,0,0,0,0,0,0,0,0,0,0,0,0,0,0,0,0,0,0,0,0,0,0,0,0,0,0,0,0,0,0,0,0,0,0,0,0,0,0,0,0,0,NA,-Inf,-Inf,2,0
"88","Atanga",0,0,"Non","M172","F","Macao","Adolescent",0,0,0,0,0,7467.34026956874,0,0,0,0,0,0,0,0,0,0,0,0,0,0,0,0,0,0,0,0,0,0,0,0,0,0,0,0,0,0,0,0,0,0,0,0,0,0,0,0,0,0,0,0,0,0,0,0,0,0,0,0,0,0,0,0,0,0,7467.34026956874,7467.34026956874,7467.34026956874,7,1
"90","Boua2",0,1,"Non","M122","F","Bangui","Adulte",0,0,0,0,0,0,0,0,0,0,0,0,0,9011.84018413536,0,0,0,0,0,0,0,0,0,0,0,0,0,0,0,0,0,0,0,0,0,0,0,0,0,0,0,0,0,0,0,0,0,0,0,0,0,0,0,0,0,0,0,0,0,0,0,0,0,0,9011.84018413536,9011.84018413536,9011.84018413536,3,1
"91","Kakélo4",0,1,"Non","M161","M","Bangui","Adulte",0,0,0,0,0,0,0,0,0,0,0,0,0,0,0,0,0,0,0,0,0,0,0,0,0,0,0,0,0,0,0,0,0,0,0,0,0,0,0,0,0,0,0,0,0,0,0,0,0,0,0,0,0,0,0,0,0,0,0,0,0,0,0,0,NA,-Inf,-Inf,1,0
"94","Kakélo2",0,0,"Non","M89","M","Bangui","Adolescent",0,0,0,0,0,0,0,0,0,0,0,0,0,0,0,0,0,0,0,0,0,0,0,0,0,0,0,0,0,0,0,0,0,0,0,0,0,0,0,0,0,0,0,0,0,0,0,0,0,0,0,0,0,0,0,0,0,0,0,0,0,0,0,0,NA,-Inf,-Inf,4,0
"95","Moyimbi",0,1,"Non","M1","F","Dongou","Adulte",0,0,0,0,0,0,0,0,0,0,0,0,0,0,0,0,0,0,0,0,0,0,0,0,0,0,0,0,0,0,0,0,0,0,0,0,0,0,0,0,0,0,0,0,0,0,0,0,0,0,0,0,0,0,0,0,0,0,0,0,0,0,0,0,NA,-Inf,-Inf,1,0
"96","Kakélo6",0,1,"Non","M107","M","Bayanga","Adulte",0,0,0,0,0,0,0,0,0,0,0,0,0,0,0,0,0,0,0,0,0,0,0,0,0,0,0,0,0,0,0,0,0,0,0,0,0,0,0,0,0,0,0,0,0,0,0,0,0,0,0,0,0,0,0,0,0,0,0,0,0,0,0,0,NA,-Inf,-Inf,2,0
"97","Moyimbi",0,1,"Non","M7","M","Macao","Adulte",0,0,0,0,0,0,0,0,0,0,0,0,0,0,0,0,0,0,0,0,0,0,0,0,0,0,0,0,0,0,0,0,0,0,0,0,0,0,0,0,0,0,0,0,0,0,0,0,0,0,0,0,0,0,0,0,0,0,0,0,0,0,0,0,NA,-Inf,-Inf,1,0
"98","Mopendé",1,1,"Non","M33","M","Papé","Personne âgée",0,0,0,0,0,0,0,0,0,0,0,0,0,0,0,0,0,0,0,0,0,0,0,0,0,0,0,0,0,0,0,0,0,0,0,0,0,0,0,0,0,0,0,0,0,0,0,0,0,0,0,0,0,0,0,0,0,0,0,0,0,0,0,0,NA,-Inf,-Inf,6,0
"99","Mopendé",0,0,"Non","M37","M","Papé","Adolescent",0,0,0,0,0,0,0,0,0,0,0,0,0,0,0,0,0,0,0,0,0,0,0,0,0,0,0,0,0,0,0,0,0,0,0,0,0,0,0,0,0,0,0,0,0,0,0,0,0,0,0,0,0,0,0,0,0,0,0,0,0,0,0,0,NA,-Inf,-Inf,2,0
"100","Malomba",1,1,"Non","M55","M","Bangui","Personne âgée",0,0,0,0,0,0,0,0,0,0,0,0,0,0,0,0,0,0,0,0,0,0,0,0,0,0,0,0,0,0,0,0,0,0,0,0,0,0,0,0,0,0,0,0,0,0,0,0,0,0,0,0,0,0,0,0,0,0,0,0,0,0,0,0,NA,-Inf,-Inf,3,0
"102","Atanga",0,1,"Non","M177","F","Macao","Adulte",0,1189.62061529255,7933.23578343522,13414.890310879,13207.5851184748,7467.34026956874,0,3761.25540820606,0,0,0,0,0,0,0,0,0,0,0,0,0,0,0,0,0,0,0,0,0,0,0,0,0,0,0,0,0,0,0,0,0,0,0,0,0,0,0,0,0,0,0,0,0,0,0,0,0,0,0,0,0,0,0,0,7700.28802650198,13414.890310879,1189.62061529255,13,6
"103","Mopendé",0,1,"Non","M39","M","Papé","Adulte",3761.25540820606,0,0,0,0,0,0,0,0,0,0,0,0,0,0,0,0,0,0,0,0,0,0,0,0,0,0,0,0,0,0,0,0,0,0,0,0,0,0,0,0,0,0,0,0,0,0,0,0,0,0,0,0,0,0,0,0,0,0,0,0,0,0,0,3761.25540820606,3761.25540820606,3761.25540820606,2,1
"105","Boua1",0,1,"Non","M67","M","Bangui","Adulte",0,0,0,0,0,0,0,0,0,0,0,0,2306.38930255378,9172.8837897126,0,0,0,0,0,0,0,0,0,0,0,0,0,0,0,0,0,0,0,0,0,0,0,0,0,0,0,0,0,0,0,0,0,0,0,0,0,0,0,0,0,0,0,0,0,0,0,0,0,0,5739.63654613319,9172.8837897126,2306.38930255378,8,2
"106","Atanga",0,1,"Non","M171","F","Macao","Adulte",0,0,7933.23578343522,13414.890310879,13207.5851184748,0,0,0,0,0,0,0,0,0,0,0,0,0,0,0,0,0,0,0,0,0,0,0,0,0,0,0,0,0,0,0,0,0,0,0,0,0,0,0,0,0,0,0,0,0,0,0,0,0,0,0,0,0,0,0,0,0,0,0,13207.5851184748,13414.890310879,7933.23578343522,14,3
"108","Kakélo6",0,1,"Non","M159","F","Bangui","Adulte",0,0,0,0,0,0,0,0,0,0,0,0,0,0,2341.8448165916,0,0,0,0,0,0,0,0,0,0,0,0,0,0,0,0,0,0,0,0,0,0,0,0,0,0,0,0,0,0,0,0,0,0,0,0,0,0,0,0,0,0,0,0,0,0,0,0,0,2341.8448165916,2341.8448165916,2341.8448165916,6,1
"112","Bateké2",1,1,"Non","M16","F","Moudjanda","Personne âgée",0,0,0,0,0,0,0,0,0,0,0,0,0,0,0,0,0,0,0,0,0,0,0,0,0,0,0,0,0,0,0,0,0,0,0,0,0,0,0,0,0,0,0,0,0,0,0,0,0,0,0,0,0,0,0,0,0,0,0,0,0,0,0,0,NA,-Inf,-Inf,0,0
"115","Atanga",0,0,"Non","M176","F","Thanry","Adolescent",0,0,0,0,0,0,0,0,0,0,0,0,0,0,0,0,0,0,0,0,0,0,0,0,0,0,0,0,0,0,0,0,0,0,0,0,0,0,0,0,0,0,0,0,0,0,0,0,0,0,0,0,0,0,0,0,0,0,0,0,0,0,0,0,NA,-Inf,-Inf,2,0
"117","Molapa_MA",0,1,"Non","M19","F","Bangui","Adulte",0,0,0,0,0,0,0,0,0,0,0,0,0,0,0,0,0,0,0,0,0,0,0,0,0,0,0,0,0,0,0,0,0,0,0,0,0,0,0,0,0,0,0,0,0,0,0,0,0,0,0,0,0,0,0,0,0,0,0,0,0,0,0,0,NA,-Inf,-Inf,4,0
"118","Boua1",1,1,"Non","M62","M","Bangui","Personne âgée",0,0,0,0,0,0,0,0,0,0,0,0,0,0,0,0,0,0,0,0,0,0,0,0,0,0,0,0,0,0,0,0,0,0,0,0,0,0,0,0,0,0,0,0,0,0,0,0,0,0,0,0,0,0,0,0,0,0,0,0,0,0,0,0,NA,-Inf,-Inf,2,0
"120","Boua1",0,1,"Non","M69","M","Bangui","Adulte",0,0,0,0,0,0,0,0,0,0,0,0,0,0,0,0,0,0,0,0,0,0,0,0,0,0,0,0,0,0,0,0,0,0,0,0,0,0,0,0,0,0,0,0,0,0,0,0,0,0,0,0,0,0,0,0,0,0,0,0,0,0,0,0,NA,-Inf,-Inf,3,0
"122","Kakélo6",0,1,"Non","M158","M","Bangui","Adulte",0,0,0,0,0,0,0,0,0,0,0,0,0,0,0,0,0,0,0,0,0,0,0,0,0,0,0,0,0,0,0,0,0,0,0,0,0,0,0,0,0,0,0,0,0,0,0,0,0,0,0,0,0,0,0,0,0,0,0,0,0,0,0,0,NA,-Inf,-Inf,1,0
"123","Atanga",1,1,"Non","M170","F","Macao","Personne âgée",0,0,7933.23578343522,0,0,7467.34026956874,8433.82904666263,0,0,0,0,0,0,0,0,0,0,0,0,0,0,0,0,0,0,0,0,0,0,0,0,0,0,0,0,0,0,0,0,0,0,0,0,0,0,0,0,0,0,0,0,0,0,0,0,0,0,0,0,0,0,0,0,0,7933.23578343522,8433.82904666263,7467.34026956874,6,3
"126","Kakélo2",1,1,"Non","M88","M","Bangui","Personne âgée",0,0,0,0,0,0,0,0,0,0,0,0,0,0,0,0,0,0,0,0,0,0,0,0,0,0,0,0,0,0,0,0,0,0,0,0,0,0,0,0,0,0,0,0,0,0,0,0,0,0,0,0,0,0,0,0,0,0,0,0,0,0,0,0,NA,-Inf,-Inf,0,0
"127","Malomba",1,1,"Non","M56","F","Macao","Personne âgée",0,0,0,0,0,0,0,0,0,0,0,0,0,0,0,0,0,0,0,0,0,0,0,0,0,0,0,0,0,0,0,0,0,0,0,0,0,0,0,0,0,0,0,0,0,0,0,0,0,0,0,0,0,0,0,0,0,0,0,0,0,0,0,0,NA,-Inf,-Inf,3,0
"128","Kakélo4",0,0,"Non","M120","F","Bangui","Adolescent",0,0,0,0,0,0,0,0,0,0,0,0,7756.07326036817,0,0,0,0,0,0,0,0,0,0,0,0,0,0,0,0,0,0,0,0,0,0,0,0,0,0,0,0,0,0,0,0,0,0,0,0,0,0,0,0,0,0,0,0,0,0,0,0,0,0,0,7756.07326036817,7756.07326036817,7756.07326036817,3,1
"129","Boua2",0,1,"Non","M121","M","Bangui","Adulte",0,0,0,0,0,0,0,0,0,0,0,0,0,0,0,0,0,0,0,0,0,0,0,0,0,0,0,0,0,0,0,0,0,0,0,0,0,0,0,0,0,0,0,0,0,0,0,0,0,0,0,0,0,0,0,0,0,0,0,0,0,0,0,0,NA,-Inf,-Inf,7,0
"130","Kakélo1",0,1,"Non","M139","M","Bangui","Adulte",0,0,0,0,0,0,0,0,0,0,0,0,0,0,0,0,0,0,0,0,0,0,0,0,0,0,0,0,0,0,0,0,0,0,0,0,0,0,0,0,0,0,0,0,0,0,0,0,0,0,0,0,0,0,0,0,0,0,0,0,0,0,0,0,NA,-Inf,-Inf,8,0
"131","Moyimbi",0,1,"Non","M8","F","Macao","Adulte",0,0,0,0,0,0,0,0,0,0,0,0,0,0,0,0,0,0,0,0,0,0,0,0,0,0,0,0,0,0,0,0,0,0,0,0,0,0,0,0,0,0,0,0,0,0,0,0,0,0,0,0,0,0,0,0,0,0,0,0,0,0,0,0,NA,-Inf,-Inf,0,0
"133","Kakélo1",0,1,"Non","M145","F","Bangui","Adulte",0,0,0,0,0,0,0,0,0,0,0,0,0,0,0,999.68994233426,0,0,0,0,0,0,0,0,0,0,0,0,0,0,0,0,0,0,0,0,0,0,0,0,0,0,0,0,0,0,0,0,0,0,0,0,0,0,0,0,0,0,0,0,0,0,0,0,999.68994233426,999.68994233426,999.68994233426,5,1
"134","Kakélo6",0,1,"Non","M153","M","Bangui","Adulte",0,0,0,0,0,0,0,0,0,0,10411.3955637844,0,0,0,0,0,0,0,0,0,0,0,0,0,0,0,0,0,0,0,0,0,0,0,0,0,0,0,0,0,0,0,0,0,0,0,0,0,0,0,0,0,0,0,0,0,0,0,0,0,0,0,0,0,10411.3955637844,10411.3955637844,10411.3955637844,7,1
"135","Kakélo5",0,0,"","M102","F","Bangui","FALSE",0,0,0,0,0,0,0,0,0,0,0,0,0,0,0,0,0,0,0,0,0,0,0,0,0,0,0,0,0,0,0,0,0,0,0,0,0,0,0,0,0,0,0,0,0,0,0,0,0,0,0,0,0,0,0,0,0,0,0,0,0,0,0,0,NA,-Inf,-Inf,1,0
"136","Kakélo6",0,1,"Non","M104","F","Bangui","Adulte",0,0,0,0,0,0,0,0,0,0,0,0,8148.95067736465,2796.94375733602,0,1797.2539444575,591.479098966977,0,0,0,0,0,0,0,0,0,0,0,0,0,0,0,0,0,0,0,0,0,0,0,0,0,0,0,0,0,0,0,0,0,0,0,0,0,0,0,0,0,0,0,0,0,0,0,2297.09885089676,8148.95067736465,591.479098966977,12,4
"137","Boua2",0,1,"Non","M136","F","Bangui","Adulte",0,0,0,0,0,0,0,0,0,0,0,0,0,9011.84018413536,0,0,0,0,0,0,0,0,0,0,0,0,0,0,0,0,0,0,0,0,0,0,0,0,0,0,0,0,0,0,0,0,0,0,0,0,0,0,0,0,0,0,0,0,0,0,0,0,0,0,9011.84018413536,9011.84018413536,9011.84018413536,3,1
"139","Movossovosso",1,1,"Non","M82","F","Bangui","Personne âgée",0,0,0,0,0,0,0,0,0,0,0,0,0,0,0,0,0,0,0,0,0,0,0,0,0,0,0,0,0,0,0,0,0,0,0,0,0,0,0,0,0,0,0,0,0,0,0,0,0,0,0,0,0,0,0,0,0,0,0,0,0,0,0,0,NA,-Inf,-Inf,1,0
"140","Kakélo3",1,1,"Non","M141","F","Bangui","Personne âgée",0,0,0,0,0,0,0,0,0,0,0,0,0,0,0,0,0,0,0,0,0,0,0,0,0,0,0,0,0,0,0,0,0,0,0,0,0,0,0,0,0,0,0,0,0,0,0,0,0,0,0,0,0,0,0,0,0,0,0,0,0,0,0,0,NA,-Inf,-Inf,0,0
"143","Atanga",0,0,"","M175","F","Macao","FALSE",0,0,0,0,0,0,0,0,0,0,0,0,0,0,0,0,0,0,0,0,0,0,0,0,0,0,0,0,0,0,0,0,0,0,0,0,0,0,0,0,0,0,0,0,0,0,0,0,0,0,0,0,0,0,0,0,0,0,0,0,0,0,0,0,NA,-Inf,-Inf,0,0
"144","Boua2",0,1,"Non","M71","F","Bangui","Adulte",0,0,0,0,0,0,0,0,0,0,0,0,0,0,0,0,0,0,0,0,0,0,0,0,0,0,0,0,0,0,0,0,0,0,0,0,0,0,0,0,0,0,0,0,0,0,0,0,0,0,0,0,0,0,0,0,0,0,0,0,0,0,0,0,NA,-Inf,-Inf,1,0
"149","Boua2",0,1,"Non","M70","M","Bangui","Adulte",0,0,0,0,0,0,0,0,0,0,0,0,0,0,0,0,0,0,0,0,0,0,0,0,0,0,0,0,0,0,0,0,0,0,0,0,0,0,0,0,0,0,0,0,0,0,0,0,0,0,0,0,0,0,0,0,0,0,0,0,0,0,0,0,NA,-Inf,-Inf,8,0
"151","Molapa_MA",0,1,"Non","M18","M","Macao","Adulte",0,0,0,0,0,0,0,0,0,0,0,0,0,0,0,0,0,0,0,0,0,0,0,0,0,0,0,0,0,0,0,0,0,0,0,0,0,0,0,0,0,0,0,0,0,0,0,0,0,0,0,0,0,0,0,0,0,0,0,0,0,0,0,0,NA,-Inf,-Inf,6,0
"158","Bateké2",0,1,"Non","M14","M","Bangui","Adulte",0,0,0,0,0,0,0,0,0,0,0,0,0,0,0,0,0,0,0,0,0,0,0,0,0,0,0,0,0,0,0,0,0,0,0,0,0,0,0,0,0,0,0,0,0,0,0,0,0,0,0,0,0,0,0,0,0,0,0,0,0,0,0,0,NA,-Inf,-Inf,3,0
"165","Kakélo3",0,1,"Non","M148","F","Bangui","Adulte",0,0,0,0,0,0,0,0,0,0,0,0,0,0,0,0,0,0,0,0,0,0,0,0,0,0,0,0,0,0,0,0,0,0,0,0,0,0,0,0,0,0,0,0,0,0,0,0,0,0,0,0,0,0,0,0,0,0,0,0,0,0,0,0,NA,-Inf,-Inf,6,0
"166","Kakélo1",1,1,"Non","M95","F","Bangui","Personne âgée",0,0,0,0,0,0,0,0,0,0,0,0,0,0,0,0,0,0,0,0,0,0,0,0,0,0,0,0,0,0,0,0,0,0,0,0,0,0,0,0,0,0,0,0,0,0,0,0,0,0,0,0,0,0,0,0,0,0,0,0,0,0,0,0,NA,-Inf,-Inf,2,0
"167","Kakélo3",0,1,"Non","M98","M","Bangui","Adulte",0,0,0,0,0,0,0,0,0,0,0,0,0,0,0,0,0,0,0,0,0,0,0,0,0,0,0,0,0,0,0,0,0,0,0,0,0,0,0,0,0,0,0,0,0,0,0,0,0,0,0,0,0,0,0,0,0,0,0,0,0,0,0,0,NA,-Inf,-Inf,4,0
