residence_camp,ref,sex,birthplace,region,median_dist,max_dist,min_dist,places_visited,times_live,times_just_visit,times_hunt,times_friend_visit,times_bantu_work,times_dance,times_fam_visit,times_fish,times_gather
Safou,D10,M,Mindjoukou,Dongou,NA,NA,NA,1,0,0,0,0,0,0,0,0,0
Bokombo4,D100,F,Dongou,Dongou,NA,NA,NA,3,0,0,0,0,0,0,2,0,0
Bokombo4,D101,F,Btou,Dongou,NA,NA,NA,0,0,0,0,0,0,0,0,0,0
Bokombo2,D103,F,Bongoye,Dongou,NA,NA,NA,3,0,0,0,0,0,0,3,0,0
Bokombo3,D104,M,Bongoye,Dongou,NA,NA,NA,2,0,0,0,0,0,0,2,0,0
Bokombo4,D105,M,Manfouet,Dongou,NA,NA,NA,2,0,0,1,0,0,0,1,0,0
Bokombo3,D106,F,Ikouangala,Dongou,NA,NA,NA,0,0,0,0,0,0,0,0,0,0
Bokombo1,D107,M,Losso,Dongou,NA,NA,NA,3,0,0,0,0,0,1,2,0,0
Bokombo1,D109,F,Boucy-boucy,Dongou,NA,NA,NA,2,0,0,0,0,0,0,2,0,0
Safou,D11,F,Bondzale,Dongou,NA,NA,NA,0,0,0,0,0,0,0,0,0,0
Bokombo1,D110,M,Ikouangala,Dongou,NA,NA,NA,3,0,1,0,0,0,0,0,0,0
Bokombo1,D112,F,Ikouangala,Dongou,NA,NA,NA,2,0,0,0,0,0,0,1,0,0
Bokombo1,D114,M,Ikouangala,Dongou,NA,NA,NA,2,0,0,2,0,0,0,0,0,0
Bokombo1,D115,F,Ngandola,Dongou,NA,NA,NA,1,0,0,0,0,0,0,0,1,0
Bokombo1,D116,M,Ikouangala,Dongou,NA,NA,NA,2,0,0,0,0,0,0,1,0,0
Bokombo1,D117,F,Losso,Dongou,NA,NA,NA,1,0,0,0,0,0,0,0,1,0
Bokombo6,D120,F,Ikouangala,Dongou,NA,NA,NA,2,0,0,0,0,0,0,0,0,0
Bokombo6,D122,M,Manfouet,Dongou,NA,NA,NA,2,0,0,0,0,0,0,0,0,0
Bokombo6,D128,M,Dongou,Dongou,NA,NA,NA,2,0,0,0,0,0,0,1,1,0
Bokombo6,D129,F,Dongou,Dongou,19234.9027,19234.9027,19234.9027,1,1,0,0,0,0,0,0,0,0
Bokombo6,D130,M,Dongou,Dongou,19234.9027,19234.9027,19234.9027,2,1,0,1,0,0,0,0,0,0
Bokombo6,D131,F,Ikouangala,Dongou,NA,NA,NA,2,0,0,0,0,0,0,0,0,0
Bokombo6,D132,M,Manfouet,Dongou,NA,NA,NA,3,0,0,0,0,0,1,1,0,0
Bokombo6,D135,F,Manfouet,Dongou,NA,NA,NA,0,0,0,0,0,0,0,0,0,0
Bokombo6,D138,M,Sambala,Dongou,NA,NA,NA,3,0,0,0,0,1,0,0,0,0
Bokombo6,D143,F,Mafouet,Dongou,6473.81067,6473.81067,6473.81067,4,1,0,0,0,0,0,3,0,0
Bokombo6,D144,F,Ikouangala,Dongou,64881.5345,64881.5345,64881.5345,1,1,0,0,0,0,0,0,0,0
Bokombo6,D145,F,Dongou,Dongou,42058.2186,64881.5345,19234.9027,3,2,0,0,0,0,0,0,0,0
Bokombo6,D147,M,Boucy-boucy,Dongou,NA,NA,NA,1,0,0,0,1,0,0,0,0,0
Bokombo6,D148,F,Manfouet,Dongou,NA,NA,NA,5,0,0,0,0,0,2,1,0,0
Bokombo6,D149,M,Mimbelli,Dongou,NA,NA,NA,6,0,0,0,0,4,0,2,0,0
Bokombo6,D151,M,Ikouangala,Dongou,NA,NA,NA,1,0,0,0,0,0,0,0,1,0
Bokombo6,D152,F,Ikouangala,Dongou,NA,NA,NA,2,0,0,0,0,0,0,0,0,0
Bokombo6,D153,M,Manfouet,Dongou,9615.93709,12758.0635,6473.81067,5,2,0,0,0,1,0,2,0,0
Bokombo5,D155,M,Sambala,Dongou,NA,NA,NA,4,0,0,0,0,0,0,0,0,0
Bokombo3,D156,F,Ikouangala,Dongou,8439.31875,10286.4471,6592.19038,4,2,0,0,0,0,0,2,0,0
Bokombo3,D157,F,Ikouangala,Dongou,NA,NA,NA,3,0,0,0,0,0,0,2,0,0
Bokombo5,D160,F,Bangui,Dongou,6523.16886,6523.16886,6523.16886,3,1,0,0,0,0,0,0,1,0
Bokombo5,D162,F,Manfouet,Dongou,NA,NA,NA,2,0,0,0,0,0,0,1,0,0
Bokombo4,D167,F,Boucy-boucy,Dongou,NA,NA,NA,2,0,0,0,0,0,1,0,0,0
Bokombo4,D168,M,Boucy-boucy,Dongou,19440.9745,19440.9745,19440.9745,2,1,0,0,0,0,0,0,0,0
Bokombo4,D169,M,Manfouet,Dongou,NA,NA,NA,4,0,0,0,0,1,0,0,2,0
Cacao,D17,F,Moangouma,Dongou,NA,NA,NA,1,0,0,0,0,0,0,0,0,0
Bokombo3,D174,M,Sambala,Dongou,NA,NA,NA,6,0,0,0,0,0,0,1,1,0
Bokombo3,D176,M,Ikouangala,Dongou,NA,NA,NA,1,0,0,0,0,0,1,0,0,0
Bokombo4,D177,F,Ikouangala,Dongou,6611.59399,6611.59399,6611.59399,3,1,0,0,0,0,0,0,0,0
Bokombo2,D178,M,Manfouet,Dongou,NA,NA,NA,0,0,0,0,0,0,0,0,0,0
Bokombo1,D179,F,Manfouet,Dongou,43633.1507,80767.8335,6498.46793,3,2,0,0,0,0,1,0,0,0
Bokombo2,D180,F,Manfouet,Dongou,NA,NA,NA,1,0,0,0,0,0,0,0,0,0
Bokombo2,D182,F,Ikouangala,Dongou,29197.3954,39330.5261,19064.2647,5,2,0,0,0,0,0,1,1,0
Bokombo1,D188,F,Dongou,Dongou,NA,NA,NA,4,0,1,0,0,0,0,2,0,0
Bokombo1,D189,F,Boucy-boucy,Dongou,NA,NA,NA,1,0,0,0,0,0,0,1,0,0
Bokombo1,D191,M,Ikouangala,Dongou,6498.46793,6498.46793,6498.46793,4,1,1,0,0,0,0,0,0,0
Bokombo1,D193,M,Ikouangala,Dongou,NA,NA,NA,4,0,1,0,0,1,1,0,0,0
Bokombo1,D196,F,Boucy-boucy,Dongou,NA,NA,NA,3,0,0,0,0,0,1,0,0,0
Mabanga2,D200,M,Manfouet,Dongou,NA,NA,NA,2,0,0,0,0,0,0,1,0,0
Mabanga2,D204,F,Manfouet,Dongou,NA,NA,NA,0,0,0,0,0,0,0,0,0,0
Bl,D205,F,Dongou,Dongou,NA,NA,NA,0,0,0,0,0,0,0,0,0,0
Bl,D207,M,Dongou,Dongou,NA,NA,NA,3,0,0,0,0,2,0,0,0,0
Bl,D209,M,Boleik,Dongou,NA,NA,NA,2,0,0,1,0,0,0,0,0,0
Bl,D210,F,Manfouet,Dongou,NA,NA,NA,3,0,0,0,0,2,0,0,0,0
Bl,D212,F,Boucy-boucy,Dongou,35111.631,43826.3354,26396.9267,1,2,0,0,0,0,0,0,0,0
Bl,D213,M,Dongou,Dongou,NA,NA,NA,4,0,0,0,0,1,0,0,0,0
Bl,D214,M,Boucy-boucy,Dongou,NA,NA,NA,5,0,2,0,0,1,0,0,0,0
Bl,D215,M,Boucy-boucy,Dongou,NA,NA,NA,3,0,0,0,0,1,0,0,0,0
Bl,D219,F,NA,Dongou,NA,NA,NA,1,0,0,0,0,0,0,1,0,0
Tangassi,D22,F,Boucy-boucy,Dongou,NA,NA,NA,3,0,0,0,0,0,0,3,0,0
Mokelegnegn,D220,F,Boucy-boucy,Dongou,36226.8389,36226.8389,36226.8389,2,1,0,0,0,0,1,0,0,0
Mokelegnegn,D221,M,Djoumbel,Dongou,NA,NA,NA,4,0,0,2,0,0,0,1,0,0
Massendjo,D224,F,Boucy-boucy,Dongou,NA,NA,NA,3,0,0,0,0,0,0,2,0,0
Ndzoumbele,D226,M,Bangui,Dongou,NA,NA,NA,5,0,0,0,0,3,0,1,0,0
Ndzoumbele,D228,F,Boucy-boucy,Dongou,NA,NA,NA,4,0,0,0,0,0,0,2,0,0
Tangassi,D23,M,Boucy-boucy,Dongou,NA,NA,NA,3,0,0,0,0,0,0,2,0,0
Ndzoumbele,D232,F,Boucy-boucy,Dongou,73789.2882,73789.2882,73789.2882,3,1,0,0,0,0,0,0,0,0
Mabanga1,D239,M,Manfouet,Dongou,NA,NA,NA,2,0,0,0,0,1,0,0,0,0
Cacao,D24,M,Botanga,Dongou,NA,NA,NA,2,0,0,0,0,0,0,0,0,0
Mabanga1,D240,F,Boucy-boucy,Dongou,NA,NA,NA,2,0,0,0,0,0,0,0,0,0
Mabanga1,D241,M,Boucy-boucy,Dongou,NA,NA,NA,8,0,0,0,0,4,0,3,0,0
Mabanga1,D245,F,Bongoye,Dongou,NA,NA,NA,2,0,1,0,0,0,0,1,0,0
Kokosso,D248,M,Boucy-boucy,Dongou,24120.0273,24120.0273,24120.0273,3,1,0,0,0,1,0,0,0,0
Cacao,D25,M,Maoangouma,Dongou,NA,NA,NA,2,0,0,0,0,0,0,0,0,0
Kokosso,D250,F,Boucy-boucy,Dongou,9822.11869,9822.11869,9822.11869,2,1,1,0,0,0,0,0,0,0
Kokosso,D252,F,Boucy-boucy,Dongou,NA,NA,NA,2,0,1,0,0,0,0,1,0,0
Kokosso,D253,F,Mafouete,Dongou,5306.46286,5306.46286,5306.46286,2,1,0,0,0,0,0,0,0,0
Kokosso,D254,M,NA,Dongou,NA,NA,NA,2,0,1,0,0,1,0,0,0,0
Kokosso,D257,M,NA,Dongou,NA,NA,NA,2,0,0,0,0,0,0,0,0,0
Kokosso,D258,F,Manfouet,Dongou,NA,NA,NA,3,0,2,0,0,0,0,0,0,0
Boleik3,D259,M,Motaba,Dongou,NA,NA,NA,3,0,0,0,0,0,0,0,0,0
Kokosso,D260,F,Manfouet,Dongou,NA,NA,NA,2,0,0,0,0,0,0,2,0,0
Boleik3,D263,F,Moumbelou,Dongou,NA,NA,NA,4,0,0,0,0,2,0,1,0,0
Boleik3,D265,M,Boucy-boucy,Dongou,10839.6959,10839.6959,10839.6959,4,1,0,0,0,0,0,0,0,0
Boleik3,D266,F,Enyelle,Dongou,40642.1794,63341.4944,17942.8643,4,2,0,0,0,0,0,1,0,0
Mabanga2,D271,F,Boucy-boucy,Dongou,NA,NA,NA,0,0,0,0,0,0,0,0,0,0
Mabanga2,D272,M,Boucy-boucy,Dongou,NA,NA,NA,2,0,0,0,0,0,1,1,0,0
Mabanga2,D276,F,Boucy-boucy,Dongou,NA,NA,NA,3,0,0,0,0,0,0,3,0,0
Bl,D280,M,Boucy-boucy,Dongou,NA,NA,NA,1,0,0,0,0,0,0,1,0,0
Bl,D282,M,NA,Dongou,NA,NA,NA,2,0,0,0,0,1,0,0,0,0
Bl,D283,F,Manfouet,Dongou,NA,NA,NA,1,0,0,0,0,0,0,0,0,0
Bl,D286,M,Boucy-boucy,Dongou,NA,NA,NA,2,0,0,0,0,2,0,0,0,0
Massendjo,D287,M,Losso,Dongou,NA,NA,NA,3,0,0,2,0,1,0,0,0,0
Massendjo,D292,F,Dongou,Dongou,NA,NA,NA,3,0,0,0,0,0,0,3,0,0
Massendjo,D293,F,Boucy-boucy,Dongou,NA,NA,NA,0,0,0,0,0,0,0,0,0,0
Massendjo,D295,F,Boucy-boucy,Dongou,NA,NA,NA,1,0,0,0,0,0,0,1,0,0
Massendjo,D302,F,Manfouet,Dongou,NA,NA,NA,0,0,0,0,0,0,0,0,0,0
Massendjo,D305,M,Boucy-boucy,Dongou,NA,NA,NA,3,0,0,0,0,3,0,0,0,0
Massendjo,D306,F,Boucy-boucy,Dongou,NA,NA,NA,2,0,0,0,0,0,0,0,0,0
Kokosso,D310,F,Boucy-boucy,Dongou,NA,NA,NA,1,0,0,0,0,0,1,0,0,0
Kokosso,D311,F,Boucy-boucy,Dongou,NA,NA,NA,0,0,0,0,0,0,0,0,0,0
Kokosso,D312,M,Boleik,Dongou,NA,NA,NA,0,0,0,0,0,0,0,0,0,0
Kokosso,D315,M,Moangouma,Dongou,NA,NA,NA,2,0,0,0,0,0,0,0,0,0
Kokosso,D316,F,Boucy-boucy,Dongou,NA,NA,NA,1,0,0,0,0,0,0,0,0,0
Kokosso,D317,F,Boucy-boucy,Dongou,NA,NA,NA,0,0,0,0,0,0,0,0,0,0
Kokosso,D318,M,Manfouet,Dongou,NA,NA,NA,3,0,0,0,0,3,0,0,0,0
Kokosso,D322,F,Boucy-boucy,Dongou,NA,NA,NA,0,0,0,0,0,0,0,0,0,0
Kokosso,D324,M,Manfouet,Dongou,NA,NA,NA,2,0,0,0,0,1,0,0,0,0
Kokosso,D326,F,Boucy-boucy,Dongou,NA,NA,NA,1,0,0,0,0,0,1,0,0,0
Cacao,D33,F,Manfouet,Dongou,3454.88979,3454.88979,3454.88979,2,1,0,0,0,0,1,0,0,0
Kokosso,D330,M,Boucy-boucy,Dongou,NA,NA,NA,2,0,0,0,0,1,0,0,0,0
Kokosso,D331,F,Bangui,Dongou,NA,NA,NA,1,0,0,0,0,0,0,1,0,0
Kokosso,D337,F,Losso,Dongou,NA,NA,NA,1,0,0,0,0,0,0,0,0,0
Cacao,D34,F,Manfouet,Dongou,NA,NA,NA,1,0,0,0,0,0,0,1,0,0
Boleik2,D343,F,Boucy-boucy,Dongou,NA,NA,NA,0,0,0,0,0,0,0,0,0,0
Boleik2,D344,F,Boucy-boucy,Dongou,NA,NA,NA,2,0,0,0,0,0,0,0,0,0
Boleik2,D345,M,Malala,Dongou,NA,NA,NA,5,0,0,0,0,0,0,3,0,0
Boleik2,D346,F,Boucy-boucy,Dongou,NA,NA,NA,1,0,0,0,0,0,0,0,0,0
Boleik2,D347,M,Manfout,Dongou,NA,NA,NA,0,0,0,0,0,0,0,0,0,0
Boleik2,D349,F,Boucy-boucy,Dongou,NA,NA,NA,0,0,0,0,0,0,0,0,0,0
Cacao,D35,M,Maoangouma,Dongou,NA,NA,NA,2,0,0,0,0,0,0,0,0,0
Boleik2,D350,F,Boucy-boucy,Dongou,NA,NA,NA,1,0,0,0,0,0,0,1,0,0
Boleik2,D352,F,Boucy-boucy,Dongou,NA,NA,NA,0,0,0,0,0,0,0,0,0,0
Boleik2,D353,M,Manfout,Dongou,NA,NA,NA,4,0,0,0,0,3,0,1,0,0
Boleik2,D357,F,Dongou,Dongou,NA,NA,NA,4,0,0,0,0,3,0,0,0,0
Boleik2,D358,F,Boucy-boucy,Dongou,NA,NA,NA,2,0,0,0,0,0,0,2,0,0
Boleik2,D359,M,Bangui,Dongou,NA,NA,NA,6,0,0,1,0,2,0,2,0,0
Boleik2,D360,M,Dongou,Dongou,NA,NA,NA,2,0,0,1,0,0,0,0,0,0
Boleik2,D361,F,Boucy-boucy,Dongou,NA,NA,NA,6,0,0,0,0,4,0,0,0,0
Kokosso,D363,F,Manfouet,Dongou,NA,NA,NA,2,0,0,0,0,0,0,0,0,0
Kokosso,D365,F,Boucy-boucy,Dongou,NA,NA,NA,1,0,0,0,0,0,0,1,0,0
Kokosso,D366,F,Mindjoukou,Dongou,NA,NA,NA,2,0,0,0,0,0,0,2,0,0
Kokosso,D367,M,Bolomo,Dongou,NA,NA,NA,1,0,0,0,0,0,0,1,0,0
Boleik1,D368,F,Boucy-boucy,Dongou,NA,NA,NA,7,0,0,0,0,7,0,0,0,0
Boleik1,D369,M,Manfouet,Dongou,NA,NA,NA,8,0,0,0,0,8,0,0,0,0
Cacao,D37,M,Bondzale,Dongou,NA,NA,NA,0,0,0,0,0,0,0,0,0,0
Boleik3,D373,F,Boucy-boucy,Dongou,NA,NA,NA,1,0,0,0,0,0,0,1,0,0
Boleik3,D375,M,Boucy-boucy,Dongou,NA,NA,NA,0,0,0,0,0,0,0,0,0,0
Boleik3,D376,M,Manfouet,Dongou,NA,NA,NA,2,0,0,0,0,0,0,2,0,0
Boleik3,D379,M,Boucy-boucy,Dongou,NA,NA,NA,3,0,0,0,0,1,0,2,0,0
Bokoko,D38,F,Ndzoumbele,Dongou,NA,NA,NA,2,0,0,0,0,0,0,1,0,0
Boleik3,D380,F,Boucy-boucy,Dongou,NA,NA,NA,2,0,0,0,0,0,0,2,0,0
Boleik3,D381,F,Boucy-boucy,Dongou,NA,NA,NA,3,0,0,0,0,0,0,3,0,0
Mokombo1,D384,F,Dongou,Dongou,NA,NA,NA,0,0,0,0,0,0,0,0,0,0
Mokombo1,D386,M,Longa,Dongou,NA,NA,NA,0,0,0,0,0,0,0,0,0,0
Mokombo2,D388,F,Village Mapot,Dongou,NA,NA,NA,0,0,0,0,0,0,0,0,0,0
Bokoko,D39,M,Ndzoumbele,Dongou,NA,NA,NA,2,0,2,0,0,0,0,0,0,0
Bagorh,D391,F,Boucy-boucy,Dongou,NA,NA,NA,0,0,0,0,0,0,0,0,0,0
Bagorh,D394,F,Boucy-boucy,Dongou,NA,NA,NA,0,0,0,0,0,0,0,0,0,0
Bagorh,D395,M,Mimbelli,Dongou,NA,NA,NA,0,0,0,0,0,0,0,0,0,0
Bagorh,D396,M,Mimbelli,Dongou,NA,NA,NA,0,0,0,0,0,0,0,0,0,0
Safou,D4,M,Boucy-boucy,Dongou,24207.9944,29698.456,18717.5329,2,2,0,0,0,0,0,0,0,0
Bokoko,D40,F,Moangouma,Dongou,NA,NA,NA,2,0,0,0,0,0,0,0,0,0
Mossimbi2,D401,F,Dongou,Dongou,NA,NA,NA,0,0,0,0,0,0,0,0,0,0
Mossimbi2,D402,F,Botanga,Dongou,NA,NA,NA,0,0,0,0,0,0,0,0,0,0
Mossimbi2,D404,M,Dongou,Dongou,NA,NA,NA,0,0,0,0,0,0,0,0,0,0
Mossimbi2,D409,F,Dongou,Dongou,NA,NA,NA,0,0,0,0,0,0,0,0,0,0
Mossimbi2,D410,M,Dongou,Dongou,NA,NA,NA,0,0,0,0,0,0,0,0,0,0
Mossimbi2,D413,F,Dongou,Dongou,NA,NA,NA,0,0,0,0,0,0,0,0,0,0
Mossimbi2,D414,F,Dongou,Dongou,NA,NA,NA,0,0,0,0,0,0,0,0,0,0
Mossimbi2,D415,M,Dongou,Dongou,NA,NA,NA,0,0,0,0,0,0,0,0,0,0
Mossimbi2,D416,F,Mossimbi,Dongou,NA,NA,NA,0,0,0,0,0,0,0,0,0,0
Mossimbi2,D419,F,Dongou,Dongou,NA,NA,NA,0,0,0,0,0,0,0,0,0,0
Bokoko,D42,M,Manfouet,Dongou,NA,NA,NA,2,0,1,0,0,0,0,0,0,0
Mossimbi1,D420,F,Dongou,Dongou,NA,NA,NA,0,0,0,0,0,0,0,0,0,0
Mokombo1,D424,F,Mokombo 1,Dongou,NA,NA,NA,0,0,0,0,0,0,0,0,0,0
Bokoko,D43,M,NA,Dongou,NA,NA,NA,3,0,0,0,0,0,0,2,0,0
Tangassi,D44,M,Moangouma,Dongou,NA,NA,NA,1,0,0,0,0,0,0,0,0,0
Ngomba,D47,F,Boucy-boucy,Dongou,NA,NA,NA,4,0,0,0,0,0,0,2,0,1
Ngomba,D48,M,Boucy-boucy,Dongou,207234.411,207234.411,207234.411,2,1,0,0,0,0,0,1,0,0
Ngomba,D49,M,Modzaka,Dongou,NA,NA,NA,0,0,0,0,0,0,0,0,0,0
Ngomba,D50,F,Impfondo,Dongou,34633.5082,34633.5082,34633.5082,2,1,0,0,0,0,0,1,0,0
Ngomba,D51,M,Moangouma,Dongou,NA,NA,NA,2,0,0,1,0,0,0,0,0,0
Ngomba,D52,F,Modzaka,Dongou,NA,NA,NA,3,0,1,0,0,0,0,1,0,0
Tali,D53,F,Dongou,Dongou,NA,NA,NA,2,0,0,0,0,0,0,2,0,0
Tali,D56,M,Moangouma,Dongou,NA,NA,NA,3,0,0,0,0,0,0,3,0,0
Tali,D58,F,Moangouma,Dongou,NA,NA,NA,2,0,0,0,0,0,0,1,0,0
Tali,D61,F,Moangouma,Dongou,NA,NA,NA,2,0,0,0,0,0,0,2,0,0
Tali,D65,M,Dongou,Dongou,103302.797,103302.797,103302.797,10,1,0,3,0,1,0,1,0,0
Tali,D67,F,Moangouma,Dongou,NA,NA,NA,0,0,0,0,0,0,0,0,0,0
Tali,D68,F,Dongou,Dongou,NA,NA,NA,6,0,2,0,0,0,0,2,0,0
Tangassi,D7,M,Moangouma,Dongou,NA,NA,NA,4,0,0,0,0,0,0,3,0,0
Bokombo6,D72,F,NA,Dongou,NA,NA,NA,3,0,0,0,0,0,0,0,0,0
Bokombo6,D73,M,Ikouangala,Dongou,NA,NA,NA,2,0,0,0,0,0,0,0,0,0
Bokombo6,D74,M,Dongou,Dongou,NA,NA,NA,2,0,0,0,0,0,0,2,0,0
Bokombo6,D76,F,NA,Dongou,NA,NA,NA,2,0,0,0,0,0,0,0,0,0
Bokombo6,D77,M,Bangui,Dongou,NA,NA,NA,4,0,0,0,0,0,0,0,0,0
Bokombo6,D78,F,Bangui,Dongou,NA,NA,NA,4,0,0,0,0,0,0,0,0,0
Safou,D8,F,Losso,Dongou,29698.456,29698.456,29698.456,1,1,0,0,0,0,0,0,0,0
Bokombo6,D83,F,Dongou,Dongou,NA,NA,NA,3,0,0,0,0,0,0,1,0,0
Bokombo4,D84,F,Manfouet,Dongou,NA,NA,NA,0,0,0,0,0,0,0,0,0,0
Bokombo4,D87,F,Ikouangala,Dongou,NA,NA,NA,1,0,0,0,0,0,0,1,0,0
Bokombo4,D88,M,Ikouangala,Dongou,NA,NA,NA,2,0,0,0,0,0,0,1,0,0
Tangassi,D9,F,Dongou,Dongou,71215.6949,107851.7,34579.6898,4,2,0,0,0,0,0,1,0,0
Bokombo3,D90,F,Dongou,Dongou,42283.8925,65114.0344,19453.7506,3,2,0,0,0,0,0,0,0,0
Bokombo5,D91,F,Ikouangala,Dongou,NA,NA,NA,3,0,0,0,0,0,0,3,0,0
Bokombo5,D92,F,Manfouet,Dongou,NA,NA,NA,0,0,0,0,0,0,0,0,0,0
Bokombo3,D94,M,Sambala,Dongou,65114.0344,65114.0344,65114.0344,3,1,0,0,0,0,0,0,0,0
Bokombo4,D99,M,Btou,Dongou,NA,NA,NA,2,0,1,0,0,0,1,0,0,0
Kaklo6,M151,F,Bangui,Macao,NA,NA,NA,7,0,0,0,1,1,0,0,0,0
Kaklo4,M167,M,Bangui,Macao,NA,NA,NA,11,0,0,1,2,4,0,0,0,0
Boua1,M90,F,Bangui,Macao,966.229058,1752.49987,179.958242,10,2,0,0,0,0,0,1,0,5
Kaklo6,M111,F,Bangui,Macao,11840.2979,11840.2979,11840.2979,9,1,0,0,1,0,0,1,0,3
Kaklo4,M119,F,Bangui,Macao,11509.7489,11509.7489,11509.7489,8,1,0,0,0,0,0,0,1,0
Kaklo2,M132,F,Bangui,Macao,NA,NA,NA,2,0,0,0,0,1,0,0,0,1
Kaklo5,M142,M,Bangui,Macao,NA,NA,NA,7,0,0,1,1,1,0,1,0,0
Boua1,M63,F,Bangui,Macao,NA,NA,NA,5,0,0,0,0,1,0,0,0,2
Batek1,M11,M,Djoubou,Macao,NA,NA,NA,4,0,2,0,1,0,0,0,0,0
Kaklo4,M162,F,Bangui,Macao,NA,NA,NA,3,0,0,0,1,1,0,0,0,0
Boua2,M130,M,Bangui,Macao,NA,NA,NA,13,0,0,0,1,3,0,1,5,0
Boua2,M126,M,Bangui,Macao,NA,NA,NA,5,0,0,0,1,2,0,0,1,1
Boua1,M68,F,Bangui,Macao,NA,NA,NA,3,0,0,0,1,1,0,1,0,0
Mopend,M36,F,Pap,Macao,NA,NA,NA,3,0,1,0,0,0,0,1,0,0
Kaklo1,M94,M,Bangui,Macao,10804.336,10804.336,10804.336,2,2,0,0,0,0,0,0,0,0
Bakouengu,M32,F,Bayanga,Macao,NA,NA,NA,3,0,0,0,1,0,0,0,0,0
Kaklo2,M84,F,Bangui,Macao,NA,NA,NA,1,0,0,0,0,1,0,0,0,0
Batek2,M15,F,Maca,Macao,NA,NA,NA,6,0,1,0,2,0,0,1,0,0
Moyimbi,M2,M,Dongou,Macao,35003.7856,35003.7856,35003.7856,4,1,1,0,0,0,0,1,0,0
Boua2,M74,M,Bangui,Macao,1874.17276,1874.17276,1874.17276,3,1,0,0,0,1,0,1,0,0
Moyimbi,M5,F,Mobongo,Macao,NA,NA,NA,1,0,0,0,0,0,0,0,0,0
Bakouengu,M26,F,Macao,Macao,24156.7446,24156.7446,24156.7446,4,1,0,0,1,0,0,2,0,0
Kaklo6,M154,F,Bangui,Macao,NA,NA,NA,3,0,0,0,0,1,0,1,0,0
Movossovosso,M81,M,Dongou,Macao,3939.02498,3939.02498,3939.02498,3,1,0,0,0,0,0,1,0,0
Boua1,M93,M,Bangui,Macao,1752.49987,1752.49987,1752.49987,10,1,0,0,0,0,0,0,0,2
Boua2,M127,F,Bangui,Macao,NA,NA,NA,10,0,0,0,0,1,0,1,1,6
Kaklo4,M116,F,Bangui,Macao,11509.7489,11509.7489,11509.7489,2,1,0,0,0,1,0,0,0,0
Kaklo1,M96,M,Bangui,Macao,33844.7873,56885.2387,10804.336,11,2,0,0,0,0,0,0,0,1
Pap,M49,F,Pap,Macao,NA,NA,NA,2,0,0,0,0,0,0,2,0,0
Kaklo3,M140,M,Bangui,Macao,NA,NA,NA,7,0,0,0,1,4,0,0,0,0
Kaklo6,M103,M,Bangui,Macao,NA,NA,NA,9,0,2,4,0,0,0,1,0,0
Boua1,M92,F,Bangui,Macao,NA,NA,NA,11,0,0,0,0,0,0,0,0,3
Kaklo6,M108,F,Bangui,Macao,11840.2979,11840.2979,11840.2979,9,1,0,0,0,0,0,1,0,2
Bakouengu,M31,M,Berandjokou,Macao,5706.82781,5706.82781,5706.82781,11,1,0,0,5,2,0,2,0,1
Kaklo5,M99,F,Bangui,Macao,11567.8787,11567.8787,11567.8787,9,1,0,0,0,1,0,0,0,6
Molapa_MA,M24,M,Bangui,Macao,109043.328,109043.328,109043.328,1,1,0,0,0,0,0,0,0,0
Kaklo2,M83,M,Bangui,Macao,10679.8033,10679.8033,10679.8033,3,1,0,0,0,1,0,0,0,1
Batek1,M12,F,Macao,Macao,NA,NA,NA,2,0,0,0,0,1,0,0,0,0
Kaklo6,M150,M,Macao,Macao,NA,NA,NA,8,0,0,2,0,3,0,1,0,0
Mopend,M41,F,Pap,Macao,NA,NA,NA,3,0,1,0,0,0,0,0,0,0
Kaklo4,M115,M,,Macao,11509.7489,11509.7489,11509.7489,4,1,0,0,0,1,0,0,0,0
Kaklo2,M131,M,Bangui,Macao,NA,NA,NA,9,0,0,1,3,2,1,0,0,0
Molapa_MA,M25,F,Macao,Macao,NA,NA,NA,1,0,0,0,0,1,0,0,0,0
Boua1,M137,F,Dongou,Macao,NA,NA,NA,5,0,0,0,1,1,0,0,1,2
Kaklo1,M97,F,Bangui,Macao,NA,NA,NA,3,0,0,0,0,0,0,0,2,0
Atanga,M172,F,Macao,Macao,NA,NA,NA,8,1,0,0,0,0,0,1,2,1
Boua2,M122,F,Bangui,Macao,NA,NA,NA,5,0,0,0,0,1,0,1,1,1
Kaklo4,M161,M,Bangui,Macao,NA,NA,NA,6,0,0,0,1,2,0,0,0,0
Kaklo2,M89,M,Bangui,Macao,10679.8033,10679.8033,10679.8033,4,1,0,0,0,0,0,0,0,0
Moyimbi,M1,F,Dongou,Macao,35003.7856,35003.7856,35003.7856,2,1,0,0,0,0,0,0,0,0
Kaklo6,M107,M,Bayanga,Macao,NA,NA,NA,5,0,0,0,0,2,0,0,0,0
Moyimbi,M7,M,Macao,Macao,NA,NA,NA,2,0,0,0,0,2,0,0,0,0
Mopend,M33,M,Pap,Macao,NA,NA,NA,10,0,1,0,2,3,0,3,0,0
Mopend,M37,M,Pap,Macao,NA,NA,NA,3,0,1,1,0,0,0,0,0,0
Malomba,M55,M,Bangui,Macao,NA,NA,NA,5,1,0,0,0,1,0,1,0,0
Atanga,M177,F,Macao,Macao,NA,NA,NA,13,0,1,0,0,0,0,3,0,6
Mopend,M39,M,Pap,Macao,NA,NA,NA,4,0,0,0,1,1,0,0,0,1
Boua1,M67,M,Bangui,Macao,NA,NA,NA,10,0,0,0,1,2,0,0,5,2
Atanga,M171,F,Macao,Macao,NA,NA,NA,14,0,0,0,1,0,0,3,0,3
Kaklo6,M159,F,Bangui,Macao,NA,NA,NA,9,0,0,0,2,1,0,2,0,1
Batek2,M16,F,Moudjanda,Macao,NA,NA,NA,1,0,0,0,0,0,0,1,0,0
Atanga,M176,F,Thanry,Macao,32571.7269,32571.7269,32571.7269,3,1,0,0,0,0,0,1,1,0
Molapa_MA,M19,F,Bangui,Macao,NA,NA,NA,4,0,1,0,0,0,0,1,0,0
Boua1,M62,M,Bangui,Macao,NA,NA,NA,5,0,0,0,0,2,0,0,0,0
Boua1,M69,M,Bangui,Macao,NA,NA,NA,4,0,0,0,1,1,0,0,1,0
Kaklo6,M158,M,Bangui,Macao,NA,NA,NA,7,0,0,1,1,2,0,0,0,0
Atanga,M170,F,Macao,Macao,NA,NA,NA,7,0,0,0,0,0,0,2,2,3
Kaklo2,M88,M,Bangui,Macao,NA,NA,NA,0,0,0,0,0,0,0,0,0,0
Malomba,M56,F,Macao,Macao,38589.2467,38589.2467,38589.2467,4,1,0,0,0,0,0,2,0,0
Kaklo4,M120,F,Bangui,Macao,11509.7489,11509.7489,11509.7489,3,1,0,0,0,0,0,0,0,1
Boua2,M121,M,Bangui,Macao,NA,NA,NA,13,0,1,3,1,4,0,0,3,0
Kaklo1,M139,M,Bangui,Macao,NA,NA,NA,12,0,0,0,2,2,0,1,0,0
Moyimbi,M8,F,Macao,Macao,NA,NA,NA,1,0,0,0,0,1,0,0,0,0
Kaklo1,M145,F,Bangui,Macao,NA,NA,NA,7,0,0,0,2,1,0,0,1,1
Kaklo6,M153,M,Bangui,Macao,NA,NA,NA,11,0,0,0,2,2,0,0,1,1
Kaklo6,M104,F,Bangui,Macao,11840.2979,11840.2979,11840.2979,12,1,0,0,0,0,0,0,4,4
Boua2,M136,F,Bangui,Macao,NA,NA,NA,4,0,0,0,1,0,1,0,1,1
Movossovosso,M82,F,Bangui,Macao,NA,NA,NA,1,0,0,0,0,0,0,0,0,0
Kaklo3,M141,F,Bangui,Macao,NA,NA,NA,0,0,0,0,0,0,0,0,0,0
Boua2,M71,F,Bangui,Macao,NA,NA,NA,2,0,0,0,0,1,0,0,0,0
Boua2,M70,M,Bangui,Macao,NA,NA,NA,10,0,0,2,0,1,0,0,0,0
Molapa_MA,M18,M,Macao,Macao,25618.6686,25618.6686,25618.6686,7,2,0,0,1,2,0,2,0,0
Batek2,M14,M,Bangui,Macao,NA,NA,NA,4,0,0,1,1,0,0,1,0,0
Kaklo3,M148,F,Bangui,Macao,NA,NA,NA,7,0,0,0,1,0,0,0,1,0
Kaklo1,M95,F,Bangui,Macao,10804.336,10804.336,10804.336,3,2,0,0,0,0,0,0,0,0
Kaklo3,M98,M,Bangui,Macao,NA,NA,NA,6,0,0,0,1,0,0,0,0,0
Bonga2,M202,M,Bangui,Macao,1365.6645,1365.6645,1365.6645,7,1,0,0,0,4,0,0,0,0
Bonga2,M203,F,Bonga2,Macao,NA,NA,NA,0,0,0,0,0,0,0,0,0,0
Bonga2,M204,F,Bonga2,Macao,NA,NA,NA,4,0,0,0,0,3,0,0,0,0
Bonga2,M205,F,Bangui,Macao,NA,NA,NA,2,0,0,0,0,2,0,0,0,0
Bonga2,M401,F,Bangui,Macao,NA,NA,NA,0,0,0,0,0,0,0,0,0,0
Bonga2,M206,F,Bonga2,Macao,NA,NA,NA,2,0,0,0,0,1,0,0,0,1
Bonga2,M207,M,Bonga2,Macao,NA,NA,NA,2,0,0,0,0,1,0,1,0,0
Bate,M208,M,Bate,Macao,87923.682,87923.682,87923.682,5,1,0,0,0,3,0,0,0,0
Bonga1,M210,M,,Macao,NA,NA,NA,3,0,0,0,0,2,0,0,0,0
Bonga1,M211,F,Bangui,Macao,NA,NA,NA,3,0,0,0,0,3,0,0,0,0
Bonga1,M212,M,Bangui,Macao,NA,NA,NA,9,0,0,0,0,7,0,0,2,0
Bonga1,M213,M,Bangui,Macao,NA,NA,NA,6,0,0,0,0,5,0,0,0,0
Bonga1,M214,M,Bangui,Macao,NA,NA,NA,8,0,0,0,0,6,0,0,1,0
Payo,M220,M,Bangui,Macao,NA,NA,NA,3,0,0,0,0,3,0,0,0,0
Payo,M221,F,,Macao,NA,NA,NA,14,0,0,0,0,6,1,4,1,0
Payo,M222,M,,Macao,NA,NA,NA,4,0,0,0,0,0,0,3,0,0
Payo,M223,F,,Macao,NA,NA,NA,6,0,1,0,1,2,0,1,0,1
Payo,M224,M,Bangui,Macao,NA,NA,NA,13,0,0,0,1,7,0,1,0,1
Payo,M227,F,Bangui,Macao,NA,NA,NA,6,0,0,0,0,4,1,0,0,0
Payo,M228,F,Djoube,Macao,NA,NA,NA,5,0,0,0,0,3,0,0,0,1
Payo,M229,M,Bangui,Macao,NA,NA,NA,8,0,1,0,0,5,0,1,0,0
Payo,M230,M,Macao,Macao,46141.2218,46141.2218,46141.2218,7,2,1,0,0,3,0,0,0,0
Bate,M237,F,Bangui,Macao,NA,NA,NA,4,0,0,0,0,2,0,0,0,1
Bate,M238,M,Bandza,Macao,NA,NA,NA,3,0,0,0,0,2,0,0,0,0
Bete3,M239,M,Bangui,Macao,NA,NA,NA,9,0,3,0,0,1,1,1,0,0
Bete3,M240,F,Bangui,Macao,NA,NA,NA,4,0,0,0,0,4,0,0,0,0
Bete3,M241,F,Bangui,Macao,1418.6109,1418.6109,1418.6109,2,1,0,0,0,0,0,1,0,0
Bete1,M242,M,Bangui,Macao,NA,NA,NA,8,0,0,0,0,4,0,0,0,0
Bete1,M243,F,Mboule,Macao,NA,NA,NA,5,0,0,0,0,0,1,1,0,0
Bete1,M244,F,Bangui,Macao,NA,NA,NA,3,0,0,0,0,3,0,0,0,0
Bete1,M245,M,Bangui,Macao,NA,NA,NA,10,0,0,0,0,1,0,0,0,0
Payo,M246,M,Boua,Macao,NA,NA,NA,9,0,0,0,0,3,0,1,0,0
Payo,M247,F,,Macao,NA,NA,NA,9,0,0,0,0,2,0,5,0,1
Payo,M248,F,Bangui,Macao,NA,NA,NA,3,0,0,0,0,2,0,1,0,0
Bete1,M252,F,Bangui,Macao,NA,NA,NA,3,0,0,0,0,3,0,0,0,0
Bete1,M253,F,Bangui,Macao,NA,NA,NA,6,0,0,0,0,2,1,0,0,1
Bete1,M254,M,Bangui,Macao,NA,NA,NA,6,0,0,0,0,2,0,0,0,0
Bete1,M255,F,Bangui,Macao,NA,NA,NA,4,0,0,0,0,4,0,0,0,0
Payo,M257,F,Bangui,Macao,NA,NA,NA,2,0,0,0,0,2,0,0,0,0
Bonga1,M258,F,Bangui,Macao,NA,NA,NA,3,0,0,0,0,2,0,1,0,0
Bonga1,M259,F,Bangui,Macao,NA,NA,NA,4,0,0,0,0,1,0,0,0,0
Bonga1,M260,F,Bangui,Macao,NA,NA,NA,7,0,0,0,0,5,0,1,0,0
Bonga1,M261,F,Bangui,Macao,NA,NA,NA,4,0,0,0,0,2,0,1,0,0
Bete2,M262,F,Bangui,Macao,NA,NA,NA,2,0,0,0,0,0,0,0,0,0
Bete2,M263,F,Bangui,Macao,NA,NA,NA,2,0,0,0,0,1,0,1,0,0
Bete2,M264,F,Bangui,Macao,NA,NA,NA,1,0,0,0,0,0,0,0,0,0
Bete2,M265,M,Bangui,Macao,NA,NA,NA,14,0,0,0,0,4,0,0,0,0
Bete2,M266,F,Bangui,Macao,NA,NA,NA,3,0,0,0,0,2,0,1,0,0
Bete2,M267,M,Bangui,Macao,NA,NA,NA,6,0,0,0,0,5,0,0,0,0
Bete3,M268,F,Bangui,Macao,1418.6109,1418.6109,1418.6109,3,1,0,0,0,1,0,1,0,0
Bete2,M269,F,Bangui,Macao,NA,NA,NA,0,0,0,0,0,0,0,0,0,0
Mboule,M271,M,Bangui,Macao,NA,NA,NA,3,0,2,0,0,1,0,0,0,0
Mboule,M272,M,Mboule,Macao,NA,NA,NA,13,0,1,0,0,6,0,1,0,0
Mboule,M273,F,Bangui,Macao,NA,NA,NA,3,0,0,0,0,0,0,2,0,0
Mboule,M274,M,Mboule,Macao,NA,NA,NA,4,0,0,0,0,3,0,0,0,0
Mboule,M275,M,Bangui,Macao,NA,NA,NA,2,0,0,0,0,2,0,0,0,0
Mboule,M277,F,,Macao,127584.265,127584.265,127584.265,11,1,3,0,0,1,0,1,0,0
Mboule,M279,F,Mboule,Macao,NA,NA,NA,2,0,0,0,0,2,0,0,0,0
Mboule,M278,M,Mboule,Macao,NA,NA,NA,2,0,0,0,0,1,0,1,0,0
Mboule,M280,F,Mboule,Macao,NA,NA,NA,4,0,0,0,0,3,0,0,0,0
Mboule,M281,F,Mboule,Macao,NA,NA,NA,6,0,0,0,0,2,0,3,0,0
Mboule,M282,M,Bangui,Macao,NA,NA,NA,3,0,0,0,0,0,0,0,0,1
Mboule,M283,F,Bangui,Macao,NA,NA,NA,2,0,0,0,0,1,0,0,0,0
Mboule,M284,F,Bangui,Macao,NA,NA,NA,3,0,0,0,0,2,0,0,0,0
Mboule,M285,M,Bangui,Macao,NA,NA,NA,4,0,1,0,0,2,0,0,0,0
Mboule,M286,F,Bangui,Macao,NA,NA,NA,2,0,0,0,0,2,0,0,0,0
Mboule,M287,F,Bangui,Macao,NA,NA,NA,3,0,1,0,0,1,0,0,0,0
Goumakoungou2,M288,M,Mboule,Macao,NA,NA,NA,10,0,0,0,0,3,0,1,0,0
Goumakoungou2,M373,F,Bangui,Macao,NA,NA,NA,1,0,0,0,0,0,0,1,0,0
Goumakoungou2,M289,F,Bangui,Macao,NA,NA,NA,4,0,0,0,0,0,0,0,0,1
Goumakoungou2,M290,F,Bangui,Macao,NA,NA,NA,3,0,0,0,0,2,0,0,0,0
Goumakoungou2,M291,M,Mboule,Macao,NA,NA,NA,8,0,1,0,0,0,0,1,0,1
Goumakoungou2,M294,F,Bangui,Macao,NA,NA,NA,2,0,0,0,0,0,0,0,0,1
Goumakoungou2,M295,F,Bangui,Macao,7603.19023,7603.19023,7603.19023,2,1,0,0,0,1,0,0,0,0
Keke,M296,M,Djoube,Macao,73474.4782,73474.4782,73474.4782,10,1,0,0,0,3,0,0,1,1
Keke,M297,F,Bangui,Macao,NA,NA,NA,2,0,0,0,0,0,0,0,1,1
Mboule,M298,M,Bangui,Macao,NA,NA,NA,5,0,0,0,0,3,0,0,0,1
Keke,M299,M,Djoube,Macao,NA,NA,NA,7,0,6,0,0,1,0,0,0,0
Keke,M300,F,Djoube,Macao,NA,NA,NA,1,0,0,0,0,0,0,0,0,1
Keke,M301,M,Mboule,Macao,NA,NA,NA,10,0,1,0,0,1,0,1,0,1
Keke,M303,F,Moumbelou,Macao,NA,NA,NA,3,0,0,0,0,0,0,1,1,0
Keke,M503,F,Mboule,Macao,NA,NA,NA,0,0,0,0,0,0,0,0,0,0
Keke,M304,F,Bobate,Macao,NA,NA,NA,4,0,0,0,0,2,0,0,0,2
Keke,M305,M,Bangui,Macao,NA,NA,NA,6,0,0,0,0,2,0,3,0,0
Keke,M306,M,,Macao,NA,NA,NA,10,0,0,0,0,4,0,1,0,0
Keke,M307,F,Mafouet,Macao,31564.1087,31564.1087,31564.1087,3,1,0,0,0,0,0,2,0,0
Keke,M308,M,Bangui,Macao,NA,NA,NA,5,0,0,0,0,2,1,1,0,0
Keke,M309,F,Bangui,Macao,NA,NA,NA,4,0,1,0,0,0,0,1,1,1
Ngomo,M310,F,Mboule,Macao,NA,NA,NA,2,0,0,0,0,0,0,1,0,0
Ngomo,M311,F,Mboule,Macao,NA,NA,NA,2,0,0,0,0,1,0,0,0,0
Ngomo,M312,M,Bangui,Macao,NA,NA,NA,20,0,3,0,0,10,0,1,0,0
Ngomo,M313,M,Bangui,Macao,NA,NA,NA,11,0,0,0,0,4,0,0,1,1
Ngomo,M314,F,Bangui,Macao,NA,NA,NA,1,0,0,0,0,0,0,0,0,0
Ngomo,M315,M,Mboule,Macao,22832.1103,22832.1103,22832.1103,6,1,0,0,0,2,0,3,0,0
Ngomo,M316,M,Bangui,Macao,NA,NA,NA,1,0,0,0,0,0,0,0,0,1
Midiba,M317,M,Bangui,Macao,NA,NA,NA,4,0,0,0,0,3,0,0,0,0
Bayamoto,M318,M,Bangui,Macao,NA,NA,NA,11,0,0,1,0,6,0,0,0,1
Bayamoto,M319,F,Bangui,Macao,NA,NA,NA,2,0,0,0,0,0,0,1,0,0
Bayamoto,M321,F,Bangui,Macao,NA,NA,NA,2,0,0,0,0,1,0,0,0,0
Bayamoto,M322,M,Bangui,Macao,NA,NA,NA,10,0,0,0,0,8,0,0,0,1
Bayamoto,M323,M,Bangui,Macao,NA,NA,NA,3,0,0,0,0,2,0,0,0,1
Bayamoto,M324,M,Bangui,Macao,NA,NA,NA,3,0,0,0,0,2,0,0,0,0
Bayamoto,M325,F,Bangui,Macao,NA,NA,NA,1,0,0,0,0,0,0,0,0,1
Lango,M326,F,Macao,Macao,28829.487,28829.487,28829.487,2,1,0,0,0,0,0,1,0,0
Lango,M327,M,Zingo,Macao,NA,NA,NA,0,0,0,0,0,0,0,0,0,0
Lango,M328,M,Zingo,Macao,NA,NA,NA,26,0,4,0,0,11,2,2,1,0
Lango,M329,M,Macao,Macao,28829.487,28829.487,28829.487,4,1,0,0,0,1,0,0,0,0
Lango,M330,M,Macao,Macao,28829.487,28829.487,28829.487,8,1,5,0,0,0,0,0,0,0
Mbila_MA,M331,M,Bangui,Macao,23804.1628,28808.9603,18799.3653,2,2,0,0,0,0,0,0,0,0
Banga,M332,F,Macao,Macao,NA,NA,NA,3,0,0,0,0,1,1,0,0,0
Banga,M333,M,Seke,Macao,1651619.14,1651619.14,1651619.14,13,1,2,0,0,3,0,2,1,0
Banga,M334,M,Bangui,Macao,NA,NA,NA,10,0,0,0,0,7,0,0,0,0
Banga,M335,M,Seke,Macao,NA,NA,NA,4,0,0,0,0,1,1,1,0,0
Ndobalikanbo,M336,F,Macao,Macao,NA,NA,NA,1,0,0,0,0,0,0,0,0,0
Ndobalikanbo,M337,M,Macao,Macao,NA,NA,NA,9,0,0,0,0,4,0,0,0,0
Ndobalikanbo,M338,M,Macao,Macao,NA,NA,NA,5,0,0,0,0,3,1,0,0,0
Ndobalikanbo,M339,F,Macao,Macao,NA,NA,NA,1,0,0,0,0,0,0,0,0,0
Macao_camp1,M340,M,Thanry,Macao,NA,NA,NA,5,0,1,0,0,1,0,1,0,0
Macao_camp1,M341,F,Nzingou,Macao,19137.7927,19137.7927,19137.7927,2,1,0,0,0,1,0,0,0,0
Macao_camp3,M342,F,Bangui,Macao,27896.0474,27896.0474,27896.0474,4,1,0,0,0,0,0,1,0,0
Macao_camp3,M343,F,Macao,Macao,27896.0474,27896.0474,27896.0474,3,1,0,0,0,0,0,2,0,0
Macao_camp3,M344,M,Bangui,Macao,23803.5961,27896.0474,19711.1448,6,2,1,0,0,1,0,0,0,0
Macao_camp3,M345,M,Macao,Macao,27896.0474,27896.0474,27896.0474,7,1,0,0,0,0,0,0,1,0
Macao_camp5,M346,M,Macao,Macao,27954.486,27954.486,27954.486,9,1,0,0,0,0,0,5,0,0
Macao_camp5,M347,F,Djoube,Macao,27954.486,27954.486,27954.486,2,1,0,0,0,0,0,1,0,0
Macao_camp4,M348,M,,Macao,NA,NA,NA,6,0,0,0,0,1,0,5,0,0
Macao_camp6,M349,F,Macao,Macao,NA,NA,NA,2,0,0,0,0,0,1,0,0,0
Macao_camp1,M350,F,Zingo,Macao,NA,NA,NA,1,0,0,0,0,1,0,0,0,0
Macao_camp7,M351,F,Macao,Macao,28507.1707,28507.1707,28507.1707,3,1,0,0,0,0,1,1,0,0
Macao_camp7,M352,M,,Macao,NA,NA,NA,15,0,0,0,0,10,0,4,0,0
Macao_camp6,M353,F,Pape_village,Macao,NA,NA,NA,3,0,0,0,0,0,0,3,0,0
Macao_camp8,M354,F,Thanry,Macao,28575.2459,28575.2459,28575.2459,3,2,0,0,0,0,0,1,0,0
Macao_camp8,M355,M,Pape,Macao,28575.2459,28575.2459,28575.2459,2,1,0,0,0,0,0,1,0,0
Macao_camp9,M359,M,Macao,Macao,28506.7771,28506.7771,28506.7771,6,1,0,0,0,2,1,0,0,0
Macao_camp10,M360,F,Macao,Macao,27783.0723,27783.0723,27783.0723,2,1,0,0,0,0,0,1,0,0
Macao_camp4,M361,F,Macao,Macao,27877.0564,27877.0564,27877.0564,1,1,0,0,0,0,0,0,0,0
Pape_village,M362,M,Berandjokou,Macao,NA,NA,NA,2,0,0,0,0,1,0,0,0,0
Macao_camp10,M363,M,Macao,Macao,27783.0723,27783.0723,27783.0723,2,1,0,0,0,0,0,1,0,0
Pape_village,M364,F,Pape_village,Macao,NA,NA,NA,3,0,0,0,0,1,0,1,0,0
Pape_village,M365,M,Berandjokou,Macao,NA,NA,NA,1,0,0,0,0,0,0,0,0,0
Pape_village,M366,F,Pape_village,Macao,NA,NA,NA,3,0,0,0,0,0,0,3,0,0
Pape_village,M367,M,Bangui-motaba,Macao,1383.54886,1383.54886,1383.54886,14,1,3,0,0,1,0,2,1,0
Pape_village,M368,M,Pape_village,Macao,NA,NA,NA,4,0,0,0,0,0,0,2,0,0
Pape_village,M369,F,,Macao,NA,NA,NA,3,0,0,0,0,0,0,2,0,0
Pape_village,M370,F,,Macao,NA,NA,NA,3,0,0,0,0,1,1,1,0,0
Pape_village,M370,F,Bangui,Macao,NA,NA,NA,3,0,0,0,0,2,0,1,0,0
Pape_village,M372,M,Pape_village,Macao,NA,NA,NA,9,0,0,0,0,4,0,2,0,0
Bete1,M374,M,Bangui,Macao,NA,NA,NA,3,0,0,0,0,2,0,0,0,0
Bylikombo1,MI205,M,Mossombo,Minganga,NA,NA,NA,8,0,1,0,0,2,2,1,1,0
Bylikombo1,MI206,F,Mossombo,Minganga,NA,NA,NA,5,0,0,0,0,0,3,0,1,0
Bylikombo1,MI209,F,Mossombo,Minganga,NA,NA,NA,6,0,0,0,0,0,1,2,1,0
Bylikombo1,MI211,F,Mossombo,Minganga,NA,NA,NA,6,0,0,0,0,1,1,0,1,0
Bylikombo1,MI212,M,Mossombo,Minganga,NA,NA,NA,8,0,1,1,0,1,0,0,1,0
Bylikombo2,MI210,F,Mossombo,Minganga,1241.30171,1241.30171,1241.30171,5,1,0,0,0,0,0,2,1,0
Bouma,MI154,M,Minganga,Minganga,NA,NA,NA,5,0,0,0,0,0,0,1,0,1
Bouma,MI155,F,Minganga,Minganga,NA,NA,NA,6,0,0,0,0,1,0,1,0,0
Bouma,MI160,M,Mossombo,Minganga,NA,NA,NA,11,0,0,0,0,3,1,4,0,0
Bouma,MI161,F,Impfondo,Minganga,NA,NA,NA,7,0,0,0,0,1,0,2,0,0
Bouma,MI162,F,Mossombo,Minganga,14628.4507,14628.4507,14628.4507,10,1,0,0,0,1,0,6,0,0
Bouma,MI178,F,Mossombo,Minganga,NA,NA,NA,4,0,0,0,0,0,0,2,0,0
Bouma,MI179,F,Mossombo,Minganga,NA,NA,NA,6,0,0,0,0,0,0,0,0,0
Bouma,MI180,F,Mossombo,Minganga,91856.4107,91856.4107,91856.4107,6,1,0,0,0,0,0,1,0,0
Bouma,MI181,M,Mossombo,Minganga,NA,NA,NA,8,0,0,0,0,1,0,3,0,0
Bylikombo1,MI207,M,Mossombo,Minganga,NA,NA,NA,9,0,0,0,0,2,1,1,1,0
Bylikombo1,MI208,F,Mossombo,Minganga,NA,NA,NA,6,0,0,0,0,0,0,4,1,0
Bylikombo2,MI216,M,Mobangui,Minganga,NA,NA,NA,11,0,0,0,0,2,0,8,1,0
Bylikombo2,MI226,F,Mossombo,Minganga,NA,NA,NA,9,0,0,0,0,1,0,8,1,0
Essesse,MI187,M,Mbili,Minganga,14858.308,14858.308,14858.308,8,1,2,0,0,2,0,1,0,0
Essesse,MI188,F,Mossombo,Minganga,NA,NA,NA,4,0,0,0,0,1,0,2,0,0
Essesse,MI189,F,Mossombo,Minganga,14858.308,14858.308,14858.308,6,1,0,0,0,0,1,1,0,1
Essesse,MI192,F,Toukoulaka,Minganga,NA,NA,NA,4,0,0,0,0,1,1,0,1,0
Essesse,MI193,F,Mossombo,Minganga,NA,NA,NA,0,0,0,0,0,0,0,0,0,0
Essesse,MI195,M,Mbili,Minganga,NA,NA,NA,5,0,0,0,0,1,2,1,0,0
Essesse,MI196,F,Mbili,Minganga,NA,NA,NA,6,0,0,0,0,3,0,0,0,0
Essesse,MI197,F,Mbili,Minganga,NA,NA,NA,10,0,0,0,1,0,0,0,0,0
Essesse,MI198,F,Mbili,Minganga,38073.2911,61288.2741,14858.308,9,2,0,0,1,0,1,4,0,0
Mbaya,MI202,F,,Minganga,NA,NA,NA,5,0,0,0,0,0,1,2,1,0
Mbaya,MI203,M,,Minganga,NA,NA,NA,5,0,0,0,0,1,2,0,1,0
Mbila,MI167,F,Mbili,Minganga,NA,NA,NA,6,0,0,0,0,0,0,3,0,0
Mbila,MI168,M,Mossombo,Minganga,NA,NA,NA,7,0,0,0,0,3,0,1,0,0
Mbila,MI169,F,Mbili,Minganga,NA,NA,NA,5,0,0,0,0,0,0,1,0,0
Mbila,MI175,M,Minganga,Minganga,NA,NA,NA,13,0,0,0,0,1,6,2,0,0
Mbila,MI176,F,Mossombo,Minganga,NA,NA,NA,6,0,0,0,0,0,0,4,0,0
Mbila,MI177,M,Mossombo,Minganga,NA,NA,NA,7,0,2,0,0,0,0,4,0,1
Missek_MI,MI145,M,Attention,Minganga,NA,NA,NA,5,0,0,0,0,0,0,0,1,0
Missek_MI,MI146,F,Attention,Minganga,NA,NA,NA,3,0,0,0,0,1,0,1,1,0
Missek_MI,MI149,M,Ikelemba,Minganga,NA,NA,NA,6,0,4,0,0,0,0,0,1,0
Missek_MI,MI150,M,Attention,Minganga,NA,NA,NA,5,0,0,0,0,3,1,0,0,0
Missek_MI,MI151,F,Attention,Minganga,NA,NA,NA,5,0,0,0,0,1,1,0,1,0
Mongo,MI134,M,Minganga,Minganga,NA,NA,NA,6,0,0,0,0,0,0,2,1,0
Mongo,MI136,F,Mossombo,Minganga,NA,NA,NA,5,0,0,0,0,0,0,1,0,0
Mongo,MI137,F,Mossombo,Minganga,NA,NA,NA,5,0,0,0,0,0,1,1,0,0
Mongo,MI138,M,Mbili,Minganga,NA,NA,NA,6,0,1,0,0,0,0,0,1,0
Mongo,MI143,M,Mossombo,Minganga,NA,NA,NA,6,0,0,0,0,1,1,1,1,0
Mossombo,MI144,M,Mossombo,Minganga,NA,NA,NA,7,0,0,0,0,3,0,0,1,0
Ngata,MI183,F,Mbili,Minganga,36649.0095,36649.0095,36649.0095,6,1,0,0,0,2,0,1,0,0
Ngata,MI184,M,Ikelemba,Minganga,NA,NA,NA,0,0,0,0,0,0,0,0,0,0
Ngata,MI185,M,Mbili,Minganga,14532.8917,14532.8917,14532.8917,10,1,4,0,0,0,0,3,1,0
Makossa1,MI10,M,Minganga,Minganga,NA,NA,NA,23,0,1,0,0,1,2,2,1,0
VMA,MI105,F,Mbili,Minganga,16531.6898,21239.8848,11823.4948,5,2,0,0,0,0,0,1,1,0
VMA,MI106,F,Mossombo,Minganga,NA,NA,NA,19,0,0,0,0,0,0,4,5,10
Bokya1,MI107,M,Attention,Minganga,NA,NA,NA,16,0,0,0,3,0,1,2,1,0
Bokya1,MI109,M,Attention,Minganga,NA,NA,NA,19,0,0,1,1,1,1,0,5,0
Makossa3,MI11,F,Mossombo,Minganga,12846.5461,26187.7318,6369.2079,16,3,0,0,0,3,0,2,0,0
Bokya1,MI110,F,Toukoulaka,Minganga,NA,NA,NA,18,0,0,0,2,0,0,1,2,5
Bokya1,MI113,M,Attention,Minganga,NA,NA,NA,19,0,0,1,4,1,1,3,4,0
Moundouala1,MI114,M,,Minganga,NA,NA,NA,19,0,0,1,0,1,1,1,5,2
Bokya1,MI115,F,Bne,Minganga,NA,NA,NA,19,0,0,0,0,2,0,2,1,7
Bokya1,MI116,F,Minganga,Minganga,NA,NA,NA,18,0,0,0,0,2,0,1,6,3
Moundouala1,MI117,F,Toukoulaka,Minganga,NA,NA,NA,18,0,0,0,0,0,0,1,4,4
Makossa3,MI12,F,Mossombo,Minganga,NA,NA,NA,19,0,0,0,0,0,0,6,0,0
Ndmiko,MI122,F,Toukoulaka,Minganga,NA,NA,NA,19,0,0,0,0,1,0,1,4,5
Ndmiko,MI123,M,Minganga,Minganga,NA,NA,NA,27,0,1,2,5,2,1,4,4,3
Ndmiko,MI125,M,Attention,Minganga,NA,NA,NA,19,0,0,0,0,1,0,1,1,8
Ndmiko,MI126,M,Attention,Minganga,NA,NA,NA,19,0,0,0,0,0,0,1,7,2
Epop,MI127,M,Attention,Minganga,NA,NA,NA,20,0,0,0,3,1,2,4,1,7
Ndmiko,MI128,F,Attention,Minganga,NA,NA,NA,19,0,0,0,0,1,0,2,1,8
Ndmiko,MI129,F,Bne,Minganga,NA,NA,NA,18,0,0,0,0,1,0,2,1,8
Makossa1,MI13,F,Minganga,Minganga,NA,NA,NA,12,0,0,0,0,1,0,2,0,0
Epop,MI133,F,Minganga,Minganga,NA,NA,NA,22,0,0,0,0,4,0,1,1,8
Mbaya,MI15,F,Mbili,Minganga,NA,NA,NA,13,0,0,0,0,0,0,2,0,0
Mbaya,MI17,M,Mossombo,Minganga,NA,NA,NA,27,1,1,0,0,1,1,4,4,0
Mbaya,MI18,F,Mbili,Minganga,NA,NA,NA,19,0,0,0,0,0,0,1,2,0
VMA,MI19,M,Minganga,Minganga,NA,NA,NA,18,1,0,0,0,0,0,0,0,0
Mbaya,MI20,F,Mbaya,Minganga,NA,NA,NA,11,0,0,0,0,0,0,1,1,0
Mbaya,MI21,F,Mossombo,Minganga,NA,NA,NA,17,1,0,0,0,0,1,3,4,2
Mbaya,MI22,M,Minganga,Minganga,NA,NA,NA,20,0,0,0,0,1,1,0,1,0
VMA,MI25,M,Minganga,Minganga,NA,NA,NA,14,1,2,2,0,1,0,0,2,0
VMA,MI26,F,Minganga,Minganga,NA,NA,NA,12,0,0,0,0,1,0,2,3,0
Bylikombo2,MI27,F,Minganga,Minganga,NA,NA,NA,0,0,0,0,0,0,0,0,0,0
Bylikombo2,MI28,F,Minganga,Minganga,NA,NA,NA,14,1,0,0,2,0,0,6,0,0
Bylikombo2,MI29,M,Minganga,Minganga,NA,NA,NA,14,1,0,0,0,4,1,3,1,0
Makossa3,MI3,F,,Minganga,NA,NA,NA,0,0,0,0,0,0,0,0,0,0
Avocat,MI30,M,Toukoulaka,Minganga,NA,NA,NA,21,1,0,2,1,2,0,0,0,0
Epop,MI31,F,Toukoulaka,Minganga,NA,NA,NA,19,1,0,0,0,1,1,3,1,2
Avocat,MI32,M,Attention,Minganga,NA,NA,NA,6,1,2,0,0,1,0,0,0,0
Avocat,MI34,M,Toukoulaka,Minganga,NA,NA,NA,22,1,0,2,1,3,0,0,0,0
Avocat,MI38,F,Attention,Minganga,NA,NA,NA,21,1,0,0,0,0,0,1,2,0
Avocat,MI39,M,Attention,Minganga,NA,NA,NA,21,1,0,0,0,0,0,0,3,0
Avocat,MI41,M,Minganga,Minganga,NA,NA,NA,25,1,0,0,0,4,1,2,2,4
Avocat,MI42,F,Attention,Minganga,NA,NA,NA,0,0,0,0,0,0,0,0,0,0
Avocat,MI43,F,Attention,Minganga,NA,NA,NA,19,1,1,0,0,0,0,2,0,3
Avocat,MI44,F,Bne,Minganga,12267.2824,12267.2824,12267.2824,21,2,0,0,0,1,0,1,2,0
Avocat,MI45,M,Attention,Minganga,NA,NA,NA,21,1,0,0,0,1,0,0,3,4
Moundouala2,MI47,M,Attention,Minganga,NA,NA,NA,21,1,0,0,0,2,0,1,3,5
Moundouala2,MI48,F,Attention,Minganga,NA,NA,NA,19,1,0,0,0,1,0,1,1,1
Moundouala2,MI49,F,Attention,Minganga,NA,NA,NA,1,0,0,0,0,0,0,0,0,0
Moundouala2,MI50,M,Attention,Minganga,NA,NA,NA,19,1,3,0,0,2,0,2,0,4
Moundouala2,MI53,F,,Minganga,NA,NA,NA,23,1,2,0,1,1,0,3,0,3
Bokya2,MI55,M,Attention,Minganga,NA,NA,NA,21,1,4,0,0,1,0,1,0,4
Bokya2,MI57,F,Minganga,Minganga,NA,NA,NA,17,1,2,0,1,0,0,0,0,9
Bokya2,MI58,M,,Minganga,NA,NA,NA,13,1,1,0,0,2,0,0,0,5
Makossa3,MI6,F,Mbili,Minganga,NA,NA,NA,14,1,0,0,0,0,1,1,0,0
Bokya2,MI62,F,Attention,Minganga,NA,NA,NA,21,1,2,0,0,0,0,1,3,5
Epop,MI63,M,Attention,Minganga,NA,NA,NA,19,1,3,0,0,0,0,2,0,1
Epop,MI67,F,Toukoulaka,Minganga,NA,NA,NA,23,1,4,0,1,0,0,3,4,2
Makossa2,MI68,F,Minganga,Minganga,NA,NA,NA,14,0,0,0,5,1,1,0,1,1
Makossa3,MI7,M,Mossombo,Minganga,NA,NA,NA,14,1,0,0,0,3,0,3,0,2
Makossa2,MI70,M,Mbili,Minganga,NA,NA,NA,19,0,0,0,2,1,0,1,2,0
Makossa2,MI71,F,Mbili,Minganga,NA,NA,NA,19,0,0,0,1,1,0,1,2,0
Makossa3,MI76,M,Mossombo,Minganga,NA,NA,NA,13,0,0,0,0,1,0,1,0,0
Makossa3,MI77,F,Mbili,Minganga,NA,NA,NA,13,0,0,0,0,1,0,4,0,0
Makossa3,MI78,F,Mossombo,Minganga,NA,NA,NA,13,0,0,0,0,2,2,0,0,0
Makossa3,MI8,F,Mossombo,Minganga,NA,NA,NA,10,0,0,0,0,0,0,2,0,0
Makossa3,MI81,M,Mossombo,Minganga,NA,NA,NA,12,0,0,0,2,0,2,2,0,0
Mbaya,MI86,F,,Minganga,NA,NA,NA,16,0,0,0,0,1,1,2,1,2
Mbaya,MI88,M,Minganga,Minganga,NA,NA,NA,21,0,0,0,1,1,0,3,0,0
Mbaya,MI90,M,Mossombo,Minganga,NA,NA,NA,12,0,0,0,3,3,0,1,1,2
Mbaya,MI92,F,Minganga,Minganga,NA,NA,NA,18,0,0,0,2,1,0,0,0,0
Bylikombo2,MI96,M,Minganga,Minganga,NA,NA,NA,18,0,0,0,1,2,0,0,6,0
VMA,MI98,M,Attention,Minganga,NA,NA,NA,24,0,0,1,2,3,0,1,7,5
Bylikombo2,MI99,F,Minganga,Minganga,NA,NA,NA,12,0,1,0,1,2,1,0,4,0
Lokoko1,E102,F,Enyelle,Enyelle,58938.519,58938.519,58938.519,5,1,0,0,0,1,0,0,0,1
Sob,E104,M,Enyelle,Enyelle,NA,NA,NA,8,0,0,0,1,2,0,4,0,0
Sob,E105,F,Enyelle,Enyelle,NA,NA,NA,7,0,0,0,3,1,0,0,0,0
Sob,E106,F,Enyelle,Enyelle,NA,NA,NA,4,0,0,0,0,0,3,0,0,0
Molapa_EN,E107,M,Enyelle,Enyelle,NA,NA,NA,3,0,0,0,1,0,2,0,0,0
Molapa_EN,E108,F,Enyelle,Enyelle,NA,NA,NA,6,0,0,0,0,0,2,2,1,0
Likeko,E11,M,,Enyelle,NA,NA,NA,7,1,0,0,0,2,2,0,1,0
Molapa_EN,E110,M,Enyelle,Enyelle,NA,NA,NA,8,0,0,0,0,2,2,3,0,0
Molapa_EN,E111,M,Enyelle,Enyelle,NA,NA,NA,10,0,0,0,1,2,2,0,0,0
Kombo2,E114,M,Dongou,Enyelle,NA,NA,NA,28,0,1,7,1,3,0,11,0,1
Kombo2,E115,F,Enyelle,Enyelle,NA,NA,NA,15,0,0,0,3,2,3,5,0,0
Kombo2,E121,F,Enyelle,Enyelle,79839.8454,79839.8454,79839.8454,10,1,0,0,0,1,5,2,0,1
Kombo2,E123,F,Enyelle,Enyelle,NA,NA,NA,7,0,0,0,0,1,3,2,0,0
Kombo2,E124,F,Enyelle,Enyelle,NA,NA,NA,8,0,0,0,0,1,3,2,0,0
Kombo2,E125,F,Enyelle,Enyelle,NA,NA,NA,5,0,0,0,1,0,3,1,0,0
Kombo2,E127,F,Enyelle,Enyelle,79839.8454,79839.8454,79839.8454,14,1,0,0,3,0,3,5,0,1
Bopongo,E129,M,Boyel,Enyelle,NA,NA,NA,16,0,0,0,0,5,2,3,0,0
Essembo3,E13,M,Btou,Enyelle,NA,NA,NA,9,1,0,0,1,1,0,1,0,0
Bopongo,E130,M,Enyelle,Enyelle,NA,NA,NA,18,0,1,4,4,4,0,3,0,0
Bopongo,E132,M,Boyel,Enyelle,NA,NA,NA,13,0,0,0,2,5,1,4,0,0
Bopongo,E134,F,Enyelle,Enyelle,NA,NA,NA,3,0,0,0,0,0,1,0,0,0
Bopongo,E137,M,Enyelle,Enyelle,NA,NA,NA,16,0,5,0,1,1,1,2,0,0
Bopongo,E141,F,Enyelle,Enyelle,NA,NA,NA,5,0,0,0,0,1,1,0,0,0
Bopongo,E142,F,Enyelle,Enyelle,NA,NA,NA,10,0,2,0,1,1,1,2,1,0
Bopongo,E143,F,Enyelle,Enyelle,NA,NA,NA,4,0,0,0,0,0,1,1,0,0
Bopongo,E145,M,Enyelle,Enyelle,NA,NA,NA,5,0,0,0,0,2,0,2,0,0
Coconacoco1,E147,F,Bongoye,Enyelle,NA,NA,NA,8,0,0,0,1,0,2,0,0,1
Coconacoco1,E148,M,Enyelle,Enyelle,NA,NA,NA,4,0,0,0,1,0,0,1,0,0
Coconacoco1,E151,M,Enyelle,Enyelle,NA,NA,NA,5,0,0,0,1,0,3,0,0,0
Coconacoco1,E152,F,Enyelle,Enyelle,NA,NA,NA,7,0,0,0,1,0,4,1,0,0
Coconacoco1,E153,M,Enyelle,Enyelle,NA,NA,NA,7,0,0,1,1,2,0,1,0,0
Coconacoco1,E156,F,Enyelle,Enyelle,NA,NA,NA,6,0,0,0,0,4,1,0,0,0
Coconacoco1,E158,F,Enyelle,Enyelle,NA,NA,NA,10,0,0,0,1,3,3,1,0,0
Coconacoco1,E161,F,Bongoye,Enyelle,NA,NA,NA,3,0,0,0,1,0,1,1,0,0
Coconacoco1,E162,F,Enyelle,Enyelle,NA,NA,NA,13,0,0,0,1,4,1,2,0,2
Coconacoco1,E164,M,Mimbelli,Enyelle,NA,NA,NA,7,0,1,0,1,1,1,2,0,0
Kombo1,E167,F,Kombo3,Enyelle,7005.84173,7005.84173,7005.84173,3,1,0,0,0,0,0,0,0,1
Kombo1,E171,F,Enyelle,Enyelle,NA,NA,NA,2,0,0,0,0,0,0,0,0,0
Kombo3,E173,M,Kombo3,Enyelle,7093.19337,7093.19337,7093.19337,5,1,0,0,0,0,0,0,0,1
Kombo1,E175,F,Enyelle,Enyelle,NA,NA,NA,2,0,0,0,0,0,0,0,0,0
Coconacoco1,E176,M,Coconacoco1,Enyelle,NA,NA,NA,12,0,0,0,0,4,2,1,0,0
Kombo3,E177,F,Enyelle,Enyelle,25912.7852,25912.7852,25912.7852,6,1,2,0,0,0,0,1,0,0
Kombo3,E178,F,Molapa_EN,Enyelle,25912.7852,25912.7852,25912.7852,2,1,0,0,0,0,0,0,0,0
Essembo4,E18,F,Enyelle,Enyelle,NA,NA,NA,12,0,0,0,1,1,0,6,1,0
Kombo3,E180,F,Enyelle,Enyelle,16502.9893,25912.7852,7093.19337,3,2,0,0,0,0,0,0,0,0
Kombo2,E182,F,Enyelle,Enyelle,NA,NA,NA,5,0,0,0,0,0,0,1,0,0
Kombo2,E184,M,Enyelle,Enyelle,NA,NA,NA,5,0,0,3,0,0,0,0,0,0
Kombo2,E185,F,Enyelle,Enyelle,40023.6226,40023.6226,40023.6226,3,1,0,0,0,0,0,0,1,0
Kombo2,E186,F,Kombo1,Enyelle,31751.9115,31751.9115,31751.9115,6,1,1,0,0,1,0,2,0,0
Essembo3,E19,F,Btou,Enyelle,48705.5735,48705.5735,48705.5735,5,2,0,0,0,0,0,1,0,0
Bopongo,E191,F,Mimbelli,Enyelle,NA,NA,NA,3,0,0,0,0,0,0,0,0,0
Bopongo,E193,F,Mimbelli,Enyelle,NA,NA,NA,3,0,0,0,0,0,0,0,0,0
Bopongo,E194,F,Mimbelli,Enyelle,23352.2034,23352.2034,23352.2034,3,1,0,0,0,0,0,0,0,0
Bopongo,E195,F,Mimbelli,Enyelle,NA,NA,NA,3,0,0,0,0,0,0,0,0,0
Bopongo,E196,F,Mimbelli,Enyelle,NA,NA,NA,7,0,0,0,1,0,2,0,0,0
Bopongo,E197,F,Bissambi,Enyelle,51870.27,128616.809,34279.7379,10,4,0,0,0,1,0,1,0,0
Bopongo,E199,M,Djoub,Enyelle,6708.88197,6708.88197,6708.88197,2,1,0,0,0,0,1,0,0,0
Lokoko6,E2,F,Enyelle,Enyelle,NA,NA,NA,15,0,0,0,3,1,0,0,2,1
Essembo3,E20,F,Btou,Enyelle,NA,NA,NA,5,0,0,0,0,1,0,1,0,0
Bopongo,E200,F,Mimbelli,Enyelle,23352.2034,23352.2034,23352.2034,4,1,0,0,0,1,0,1,0,0
Bopongo,E201,F,Bissambi,Enyelle,23352.2034,23352.2034,23352.2034,6,1,0,0,0,0,0,1,0,0
Bopongo,E202,M,Mimbelli,Enyelle,NA,NA,NA,5,0,0,0,0,2,0,0,0,0
Bopongo,E203,F,,Enyelle,6708.88197,6708.88197,6708.88197,2,1,0,0,0,0,0,0,0,0
Bopongo,E205,M,Midjoukou,Enyelle,23352.2034,23352.2034,23352.2034,9,1,0,0,0,3,3,0,0,0
Bopongo,E206,F,Mimbelli,Enyelle,NA,NA,NA,4,0,0,0,0,0,1,1,0,0
Bopongo,E210,F,Mimbelli,Enyelle,NA,NA,NA,2,0,0,0,0,0,0,1,0,0
Bopongo,E211,F,Mimbelli,Enyelle,NA,NA,NA,4,0,0,0,0,0,0,0,0,1
Coconacoco1,E212,F,Enyelle,Enyelle,NA,NA,NA,3,0,0,0,0,0,0,0,0,0
Coconacoco1,E215,F,Enyelle,Enyelle,NA,NA,NA,5,0,1,0,0,0,1,1,0,0
Coconacoco1,E217,F,Bongoye,Enyelle,6652.88691,6652.88691,6652.88691,3,1,0,0,0,0,0,1,0,0
Coconacoco1,E218,F,Coconacoco1,Enyelle,NA,NA,NA,1,0,0,0,0,0,0,0,0,0
Essembo4,E22,M,Enyelle,Enyelle,NA,NA,NA,7,1,0,0,1,0,0,2,0,1
Coconacoco1,E220,F,Enyelle,Enyelle,NA,NA,NA,3,0,0,0,0,1,0,0,0,0
Coconacoco1,E221,M,Dongou,Enyelle,NA,NA,NA,7,0,0,3,0,1,0,0,0,1
Coconacoco1,E223,F,Coconacoco1,Enyelle,NA,NA,NA,2,0,0,0,0,1,0,0,0,0
Coconacoco1,E225,M,Coconacoco1,Enyelle,NA,NA,NA,4,0,1,0,0,0,0,1,0,0
Coconacoco1,E231,M,Enyelle,Enyelle,NA,NA,NA,6,0,0,1,0,2,0,2,0,0
Coconacoco1,E235,M,Enyelle,Enyelle,81208.4511,81208.4511,81208.4511,5,1,2,0,0,0,0,0,0,0
Coconacoco1,E236,F,Enyelle,Enyelle,6652.88691,6652.88691,6652.88691,3,1,1,0,0,0,0,0,0,0
Coconacoco1,E237,F,Coconacoco1,Enyelle,NA,NA,NA,2,0,0,0,0,1,0,0,0,0
Coconacoco1,E238,F,Enyelle,Enyelle,NA,NA,NA,3,0,0,0,0,0,1,1,0,0
Coconacoco1,E239,M,Kombo1,Enyelle,NA,NA,NA,2,0,0,0,0,1,1,0,0,0
Coconacoco2,E240,F,Mimbelli,Enyelle,NA,NA,NA,4,0,0,0,0,0,0,1,0,0
Coconacoco2,E241,F,Coconacoco2,Enyelle,NA,NA,NA,2,0,0,0,0,1,0,1,0,0
Coconacoco2,E242,F,Mimbelli,Enyelle,NA,NA,NA,2,0,0,0,0,0,0,1,0,0
Coconacoco2,E243,M,Enyelle,Enyelle,NA,NA,NA,2,0,0,0,0,0,0,1,0,0
Coconacoco2,E246,M,Mimbelli,Enyelle,14636.3019,14636.3019,14636.3019,13,1,0,0,1,7,1,0,0,0
Coconacoco2,E248,F,Bongoye,Enyelle,NA,NA,NA,7,0,0,0,0,0,1,5,0,0
Ngouangub,E25,M,Enyelle,Enyelle,NA,NA,NA,9,2,0,0,0,2,2,0,0,1
Coconacoco2,E252,F,Enyelle,Enyelle,NA,NA,NA,2,0,0,0,0,0,0,1,0,0
Coconacoco2,E254,F,Mimbelli,Enyelle,NA,NA,NA,3,0,0,0,0,0,0,1,0,0
Coconacoco2,E255,M,Mimbelli,Enyelle,NA,NA,NA,5,0,1,0,0,1,0,1,0,0
Essembo5,E26,M,Enyelle,Enyelle,48813.35,48813.35,48813.35,8,1,0,0,1,0,0,2,0,0
Coconacoco2,E261,F,Enyelle,Enyelle,NA,NA,NA,4,0,0,0,0,0,0,2,0,0
Coconacoco2,E262,M,Mimbelli,Enyelle,NA,NA,NA,5,0,0,0,0,1,1,1,0,0
Coconacoco2,E266,F,Enyelle,Enyelle,NA,NA,NA,6,0,0,0,0,1,0,0,0,3
Coconacoco2,E268,F,,Enyelle,NA,NA,NA,2,0,1,0,0,0,0,1,0,0
Coconacoco2,E269,M,Mimbelli,Enyelle,NA,NA,NA,1,0,0,0,0,0,0,1,0,0
Kombo3,E270,F,Kombo3,Enyelle,NA,NA,NA,2,0,0,0,0,0,0,0,0,0
Coconacoco2,E271,M,Mimbelli,Enyelle,NA,NA,NA,5,0,1,0,0,0,1,0,0,0
Coconacoco2,E272,F,Mimputu,Enyelle,NA,NA,NA,3,0,0,0,0,0,1,0,0,0
Coconacoco2,E276,F,,Enyelle,NA,NA,NA,7,0,0,0,0,0,0,3,0,0
Coconacoco2,E277,F,Enyelle,Enyelle,NA,NA,NA,2,0,0,0,0,0,0,0,0,0
Coconacoco2,E279,M,Mimbelli,Enyelle,NA,NA,NA,4,0,1,0,0,1,0,1,0,0
Essembo5,E29,F,Enyelle,Enyelle,13219.8201,13219.8201,13219.8201,12,3,0,0,0,2,0,0,0,1
Essembo5,E31,M,Enyelle,Enyelle,NA,NA,NA,10,1,1,0,0,2,0,3,0,0
Essembo1,E32,M,Essembo1,Enyelle,48564.3659,48564.3659,48564.3659,7,2,0,0,0,1,1,1,0,0
Essembo1,E34,F,Enyelle,Enyelle,13380.3347,13380.3347,13380.3347,5,1,0,0,1,0,1,1,0,0
Essembo1,E35,M,Enyelle,Enyelle,NA,NA,NA,6,0,0,0,1,2,0,0,0,0
Essembo1,E36,F,Enyelle,Enyelle,NA,NA,NA,3,0,0,0,0,0,0,1,0,0
Essembo1,E37,F,Enyelle,Enyelle,NA,NA,NA,9,1,0,0,1,1,1,3,0,0
Missek,E39,F,Mokinda,Enyelle,NA,NA,NA,4,1,0,0,0,1,1,0,0,1
Missek,E40,F,Sambo,Enyelle,NA,NA,NA,5,0,0,0,0,0,1,1,0,0
Missek,E41,F,Essembo,Enyelle,NA,NA,NA,5,0,0,0,0,1,0,2,1,0
Missek,E42,F,Lokoko,Enyelle,NA,NA,NA,3,0,0,0,0,0,0,0,0,0
Missek,E44,F,Enyelle,Enyelle,9716.3307,9716.3307,9716.3307,16,1,4,0,0,1,1,1,1,0
Mossom,E45,M,Btou,Enyelle,55204.0192,55204.0192,55204.0192,15,1,0,0,7,1,0,3,0,0
Mossom,E47,F,Enyelle,Enyelle,NA,NA,NA,20,0,0,0,0,2,1,6,2,0
Mossom,E48,F,,Enyelle,NA,NA,NA,24,0,0,0,4,1,5,4,2,0
Likeko,E5,F,Enyelle,Enyelle,NA,NA,NA,3,0,0,0,0,1,2,0,0,0
Mossom,E50,F,Landza,Enyelle,NA,NA,NA,25,0,0,0,3,3,3,7,2,0
Lokoko6,E51,F,Btou,Enyelle,NA,NA,NA,15,0,0,0,5,1,0,1,0,0
Lokoko4,E53,M,Enyelle,Enyelle,NA,NA,NA,28,0,0,8,5,2,1,2,3,6
Lokoko4,E54,F,Mokinda,Enyelle,NA,NA,NA,21,0,0,0,0,2,1,0,4,8
Lokoko2,E58,M,Btou,Enyelle,NA,NA,NA,18,0,0,0,2,1,1,3,7,2
Lokoko4,E59,F,Enyelle,Enyelle,NA,NA,NA,20,0,0,0,5,1,1,0,6,6
Lokoko4,E60,F,Enyelle,Enyelle,NA,NA,NA,18,0,0,0,4,1,1,0,0,7
Mossom,E62,F,Enyelle,Enyelle,NA,NA,NA,6,1,0,0,2,0,0,2,0,0
Lokoko6,E63,M,Enyelle,Enyelle,NA,NA,NA,11,1,3,0,0,0,0,2,2,0
Mossom,E64,M,Enyelle,Enyelle,NA,NA,NA,9,1,0,0,0,1,2,2,0,0
Lokoko2,E65,F,Enyelle,Enyelle,NA,NA,NA,14,0,0,0,3,0,0,1,2,7
Lokoko2,E68,F,Enyelle,Enyelle,NA,NA,NA,11,0,0,0,2,1,0,3,1,3
Lokoko6,E70,F,Lokoko6,Enyelle,NA,NA,NA,1,0,0,0,0,1,0,0,0,0
Lokoko6,E71,F,Enyelle,Enyelle,NA,NA,NA,6,1,0,0,0,0,0,2,0,0
Lokoko6,E72,M,Essembo,Enyelle,5309.2768,5309.2768,5309.2768,11,2,1,0,0,1,3,1,1,1
Lokoko1,E73,M,Btou,Enyelle,NA,NA,NA,11,1,0,0,2,0,0,5,3,0
Lokoko1,E76,F,Enyelle,Enyelle,NA,NA,NA,12,1,0,0,0,0,1,4,0,1
Lokoko1,E78,M,Btou,Enyelle,3019.91996,3019.91996,3019.91996,13,1,0,0,0,2,0,1,2,1
Likeko,E8,F,Enyelle,Enyelle,NA,NA,NA,2,0,0,0,0,1,1,0,0,0
Lokoko4,E80,F,Lokoko4,Enyelle,NA,NA,NA,10,1,0,0,1,0,0,1,1,1
Lokoko4,E81,M,Lokoko4,Enyelle,NA,NA,NA,5,0,2,0,0,0,0,1,1,0
Lokoko4,E82,M,Lokoko4,Enyelle,NA,NA,NA,4,1,1,0,1,0,0,0,0,0
Lokoko2,E83,F,Lokoko2,Enyelle,14470.0891,14470.0891,14470.0891,9,2,0,0,1,0,0,1,2,2
Lokoko1,E84,F,Enyelle,Enyelle,NA,NA,NA,14,1,0,0,4,0,0,6,0,0
Likeko,E9,F,Essembo,Enyelle,NA,NA,NA,5,1,0,0,0,1,0,1,0,0
Lokoko4,E92,F,Lokoko4,Enyelle,NA,NA,NA,5,0,1,0,2,1,0,1,0,0
Lokoko1,E94,M,Enyelle,Enyelle,84841.1609,134228.206,35454.1154,29,4,0,1,0,2,3,6,3,1
Lokoko1,E96,F,Bangui_CAR,Enyelle,NA,NA,NA,4,0,0,0,0,0,1,1,0,1
Lokoko1,E97,F,Btou,Enyelle,NA,NA,NA,6,1,0,0,0,1,0,0,1,0
Lokoko1,E98,F,Bissambi,Enyelle,NA,NA,NA,2,0,0,0,0,1,0,0,0,0
Lokoko1,E99,F,Essembo,Enyelle,NA,NA,NA,3,0,0,0,0,1,0,1,0,0
Wongo5,BE4,M,Ngongou,betou,NA,NA,NA,13,1,3,0,0,0,0,2,0,0
Wongo5,BE8,F,,betou,NA,NA,NA,11,1,0,0,1,0,0,2,0,1
Wongo3,BE10,M,Kenkenze,betou,NA,NA,NA,14,1,3,0,1,2,0,2,0,0
Wongo3,BE12,F,,betou,NA,NA,NA,12,1,1,0,0,1,0,0,0,3
Wongo2,BE13,M,Btou,betou,NA,NA,NA,13,1,5,0,2,2,0,2,0,0
Wongo3,BE15,M,Kenkenze,betou,NA,NA,NA,14,1,3,0,1,2,0,2,0,0
Wongo2,BE17,F,Kenkenze,betou,NA,NA,NA,11,1,0,0,1,1,0,1,0,0
Wongo1,BE18,M,Mongoumba,betou,NA,NA,NA,11,0,0,0,0,0,0,0,0,0
Koueta,BE19,F,Wongo1,betou,NA,NA,NA,8,0,1,0,1,1,0,0,0,2
Wongo1,BE20,M,Mongoumba,betou,NA,NA,NA,12,1,2,0,0,0,0,0,0,0
Wongo1,BE21,F,,betou,NA,NA,NA,12,1,1,0,0,1,0,0,0,1
Popo3,BE26,M,Btou,betou,11444.9873,16988.5137,5901.46103,10,3,0,0,1,1,0,2,0,0
Popo1,BE31,M,Btou,betou,16786.1996,16786.1996,16786.1996,15,2,2,0,0,4,2,0,0,1
Bobo1,BE32,F,Enyelle,betou,NA,NA,NA,19,1,1,0,0,0,0,3,2,1
Popo1,BE33,F,,betou,NA,NA,NA,10,1,1,0,0,2,2,1,0,0
Popo3,BE36,M,Btou,betou,11444.9873,16988.5137,5901.46103,10,3,0,0,1,1,0,2,0,0
Popo3,BE39,F,Btou,betou,8278.5167,8278.5167,8278.5167,8,2,0,0,1,1,0,1,0,1
Popo3,BE40,F,Btou,betou,NA,NA,NA,1,0,0,0,0,0,0,1,0,0
Bobo1,BE48,M,Btou,betou,NA,NA,NA,14,1,3,0,0,0,1,1,0,0
Bobo1,BE50,F,Btou,betou,NA,NA,NA,11,1,1,0,0,0,3,2,0,0
Bobo1,BE51,M,,betou,NA,NA,NA,13,1,1,0,2,0,0,1,0,0
Bobo1,BE52,F,Bobo1,betou,NA,NA,NA,19,1,1,0,0,0,1,2,0,0
Ngola3,BE57,F,Mimbelli,betou,NA,NA,NA,12,0,0,0,1,0,0,1,0,0
Mondika,BE60,M,,betou,NA,NA,NA,32,1,0,0,0,2,3,4,0,0
Ngola3,BE61,F,Enyelle,betou,47609.5203,47609.5203,47609.5203,17,1,1,0,1,0,1,1,2,1
Wongo5,BE63,M,Kenkenze,betou,NA,NA,NA,9,0,0,0,7,0,0,1,0,0
Wongo5,BE64,F,,betou,NA,NA,NA,9,0,0,0,7,1,0,0,0,0
Wongo5,BE65,F,,betou,NA,NA,NA,9,0,0,0,4,1,0,0,0,0
Wongo5,BE66,F,Btou,betou,NA,NA,NA,9,0,0,0,0,0,0,0,0,0
Wongo3,BE73,M,,betou,NA,NA,NA,11,0,0,0,1,0,1,2,0,0
Wongo2,BE75,M,Btou,betou,NA,NA,NA,23,0,0,0,8,5,0,2,0,0
Wongo3,BE76,F,,betou,NA,NA,NA,9,0,0,0,1,0,1,0,0,0
Wongo3,BE77,F,Kenkenze,betou,NA,NA,NA,8,0,0,0,5,0,0,1,0,0
Wongo2,BE79,F,Kenkenze,betou,NA,NA,NA,10,0,0,0,2,1,0,0,0,0
Wongo1,BE80,M,,betou,NA,NA,NA,5,0,0,0,4,1,0,0,0,0
Wongo1,BE82,M,Kenkenze,betou,NA,NA,NA,44,0,2,0,4,3,17,1,0,0
Wongo1,BE84,F,Mongoumba(Centrafrique),betou,NA,NA,NA,15,0,0,0,2,1,0,3,0,0
Koueta,BE86,F,(Centrafrique),betou,17023.4994,17023.4994,17023.4994,3,1,0,0,0,0,0,1,0,0
Koueta,BE90,M,Wongo1,betou,17023.4994,17023.4994,17023.4994,18,1,0,0,1,3,1,2,3,0
Popo2,BE91,F,Wongo2,betou,NA,NA,NA,5,0,0,0,2,0,0,1,0,0
Popo2,BE93,M,Wongo4,betou,NA,NA,NA,23,0,0,1,2,3,3,3,3,0
Popo1,BE94,M,,betou,16786.1996,16786.1996,16786.1996,17,1,0,0,0,2,2,0,4,2
Popo1,BE96,F,Btou,betou,NA,NA,NA,15,0,0,0,0,1,1,2,4,0
Bobo1,BE102,F,Btou,betou,20030.3001,20030.3001,20030.3001,18,1,0,0,0,0,0,2,2,0
Bobo1,BE107,F,Enyelle,betou,41908.8681,41908.8681,41908.8681,12,1,0,0,3,1,0,0,0,0
Bobo1,BE108,M,,betou,NA,NA,NA,17,0,0,0,2,0,0,0,0,0
Bobo1,BE109,M,Btou,betou,NA,NA,NA,20,0,0,0,2,0,0,1,0,0
Bobo1,BE113,M,Bobo1,betou,NA,NA,NA,14,0,0,0,0,2,0,1,2,0
Ngola2,BE114,M,,betou,14245.6388,14245.6388,14245.6388,12,1,0,0,3,2,0,0,3,0
Bobo1,BE115,F,Boyel,betou,30969.5841,41908.8681,20030.3001,12,2,0,0,1,1,1,0,1,0
Ngola2,BE117,F,Btou,betou,14245.6388,14245.6388,14245.6388,13,1,0,0,2,2,1,0,3,0
Mondika,BE121,M,Btou,betou,NA,NA,NA,7,0,0,2,0,0,0,1,0,0
Mondika,BE124,F,Btou,betou,12796.6505,12796.6505,12796.6505,1,1,0,0,0,0,0,0,0,0
Mondika,BE125,F,Btou,betou,NA,NA,NA,8,0,0,0,0,0,1,2,4,0
Mondika,BE128,M,Btou,betou,NA,NA,NA,10,1,0,0,0,0,0,0,0,3
Mondika,BE129,F,Btou,betou,NA,NA,NA,14,1,2,0,0,0,2,3,0,1