"","residence_camp","ref","sex","birthplace","age","median_dist","max_dist","min_dist","places_visited","times_bantu_work","region"
"2","Safou","D10","M","Mindjoukou","Adulte",NA,-Inf,-Inf,1,0,"Dongou"
"3","Bokombo4","D100","F","Dongou","Personne âgée",NA,-Inf,-Inf,3,0,"Dongou"
"4","Bokombo4","D101","F","Bétou","Personne âgée",NA,-Inf,-Inf,0,0,"Dongou"
"6","Bokombo2","D103","F","Bongoye","Adulte",NA,-Inf,-Inf,3,0,"Dongou"
"7","Bokombo3","D104","M","Bongoye","Adulte",NA,-Inf,-Inf,2,0,"Dongou"
"8","Bokombo4","D105","M","Manfoueté","Personne âgée",NA,-Inf,-Inf,2,0,"Dongou"
"9","Bokombo3","D106","F","Ikouangala","Adulte",NA,-Inf,-Inf,0,0,"Dongou"
"10","Bokombo1","D107","M","Losso","Adulte",NA,-Inf,-Inf,3,0,"Dongou"
"12","Bokombo1","D109","F","Boucy-boucy","Adulte",NA,-Inf,-Inf,2,0,"Dongou"
"13","Safou","D11","F","Bondzale","Personne âgée",NA,-Inf,-Inf,0,0,"Dongou"
"14","Bokombo1","D110","M","Ikouangala","Adulte",NA,-Inf,-Inf,3,0,"Dongou"
"16","Bokombo1","D112","F","Ikouangala","Adulte",NA,-Inf,-Inf,2,0,"Dongou"
"18","Bokombo1","D114","M","Ikouangala","Personne âgée",NA,-Inf,-Inf,2,0,"Dongou"
"19","Bokombo1","D115","F","Ngandola","Adulte",NA,-Inf,-Inf,1,0,"Dongou"
"20","Bokombo1","D116","M","Ikouangala","Adolescent",NA,-Inf,-Inf,2,0,"Dongou"
"21","Bokombo1","D117","F","Losso","Personne âgée",NA,-Inf,-Inf,1,0,"Dongou"
"25","Bokombo6","D120","F","Ikouangala","Adulte",NA,-Inf,-Inf,2,0,"Dongou"
"27","Bokombo6","D122","M","Manfoueté","Adulte",NA,-Inf,-Inf,2,0,"Dongou"
"33","Bokombo6","D128","M","Dongou","Adolescent",NA,-Inf,-Inf,2,0,"Dongou"
"34","Bokombo6","D129","F","Dongou","Adulte",NA,-Inf,-Inf,1,0,"Dongou"
"36","Bokombo6","D130","M","Dongou","Adulte",NA,-Inf,-Inf,2,0,"Dongou"
"37","Bokombo6","D131","F","Ikouangala","Adolescent",NA,-Inf,-Inf,2,0,"Dongou"
"38","Bokombo6","D132","M","Manfoueté","Personne âgée",NA,-Inf,-Inf,3,0,"Dongou"
"41","Bokombo6","D135","F","Manfoueté","Personne âgée",NA,-Inf,-Inf,0,0,"Dongou"
"44","Bokombo6","D138","M","Sambala","Personne âgée",213692.346099126,213692.346099126,213692.346099126,3,1,"Dongou"
"50","Bokombo6","D143","F","Mafoueté","Personne âgée",NA,-Inf,-Inf,4,0,"Dongou"
"51","Bokombo6","D144","F","Ikouangala","Adolescent",NA,-Inf,-Inf,1,0,"Dongou"
"52","Bokombo6","D145","F","Dongou","Personne âgée",NA,-Inf,-Inf,3,0,"Dongou"
"54","Bokombo6","D147","M","Boucy-boucy","Adolescent",NA,-Inf,-Inf,1,0,"Dongou"
"55","Bokombo6","D148","F","Manfoueté","Adulte",NA,-Inf,-Inf,5,0,"Dongou"
"56","Bokombo6","D149","M","Mimbelli","Adulte",443624.120716434,867975.15843956,64881.5344654317,6,4,"Dongou"
"59","Bokombo6","D151","M","Ikouangala","Adolescent",NA,-Inf,-Inf,1,0,"Dongou"
"60","Bokombo6","D152","F","Ikouangala","Adulte",NA,-Inf,-Inf,2,0,"Dongou"
"61","Bokombo6","D153","M","Manfoueté","Adulte",64881.5344654317,64881.5344654317,64881.5344654317,5,1,"Dongou"
"63","Bokombo5","D155","M","Sambala","Adulte",NA,-Inf,-Inf,4,0,"Dongou"
"64","Bokombo3","D156","F","Ikouangala","Adolescent",NA,-Inf,-Inf,4,0,"Dongou"
"65","Bokombo3","D157","F","Ikouangala","Adulte",NA,-Inf,-Inf,3,0,"Dongou"
"69","Bokombo5","D160","F","Bangui","Adulte",NA,-Inf,-Inf,3,0,"Dongou"
"71","Bokombo5","D162","F","Manfoueté","Adulte",NA,-Inf,-Inf,2,0,"Dongou"
"76","Bokombo4","D167","F","Boucy-boucy","Adulte",NA,-Inf,-Inf,2,0,"Dongou"
"77","Bokombo4","D168","M","Boucy-boucy","Adulte",NA,-Inf,-Inf,2,0,"Dongou"
"78","Bokombo4","D169","M","Manfoueté","Adulte",19440.9745111851,19440.9745111851,19440.9745111851,4,1,"Dongou"
"79","Cacao","D17","F","Moangouma","Adulte",NA,-Inf,-Inf,1,0,"Dongou"
"84","Bokombo3","D174","M","Sambala","Adulte",NA,-Inf,-Inf,6,0,"Dongou"
"86","Bokombo3","D176","M","Ikouangala","Adolescent",NA,-Inf,-Inf,1,0,"Dongou"
"87","Bokombo4","D177","F","Ikouangala","Adulte",NA,-Inf,-Inf,3,0,"Dongou"
"88","Bokombo2","D178","M","Manfoueté","Adolescent",NA,-Inf,-Inf,0,0,"Dongou"
"89","Bokombo1","D179","F","Manfoueté","Personne âgée",NA,-Inf,-Inf,3,0,"Dongou"
"91","Bokombo2","D180","F","Manfoueté","Adulte",NA,-Inf,-Inf,1,0,"Dongou"
"93","Bokombo2","D182","F","Ikouangala","Adolescent",NA,-Inf,-Inf,5,0,"Dongou"
"99","Bokombo1","D188","F","Dongou","Adulte",NA,-Inf,-Inf,4,0,"Dongou"
"100","Bokombo1","D189","F","Boucy-boucy","Personne âgée",NA,-Inf,-Inf,1,0,"Dongou"
"103","Bokombo1","D191","M","Ikouangala","Adulte",NA,-Inf,-Inf,4,0,"Dongou"
"105","Bokombo1","D193","M","Ikouangala","Adulte",18404.1286822817,18404.1286822817,18404.1286822817,4,1,"Dongou"
"108","Bokombo1","D196","F","Boucy-boucy","Adulte",NA,-Inf,-Inf,3,0,"Dongou"
"114","Mabanga2","D200","M","Manfoueté","Adulte",NA,-Inf,-Inf,2,0,"Dongou"
"118","Mabanga2","D204","F","Manfoueté","Adulte",NA,-Inf,-Inf,0,0,"Dongou"
"119","Bélé","D205","F","Dongou","Adulte",NA,-Inf,-Inf,0,0,"Dongou"
"121","Bélé","D207","M","Dongou","Adulte",66846.0822767817,72109.9021879649,61582.2623655985,3,2,"Dongou"
"123","Bélé","D209","M","Boleiké","Adolescent",NA,-Inf,-Inf,2,0,"Dongou"
"125","Bélé","D210","F","Manfoueté","Adulte",25545.1451606182,26396.9267075426,24693.3636136938,3,2,"Dongou"
"127","Bélé","D212","F","Boucy-boucy","Adulte",NA,-Inf,-Inf,1,0,"Dongou"
"128","Bélé","D213","M","Dongou","Adulte",12376.5971844311,12376.5971844311,12376.5971844311,4,1,"Dongou"
"129","Bélé","D214","M","Boucy-boucy","Adulte",787953.284553584,787953.284553584,787953.284553584,5,1,"Dongou"
"130","Bélé","D215","M","Boucy-boucy","Adolescent",35063.672240396,35063.672240396,35063.672240396,3,1,"Dongou"
"134","Bélé","D219","F",NA,"Adulte",NA,-Inf,-Inf,1,0,"Dongou"
"135","Tangassi","D22","F","Boucy-boucy","Adulte",NA,-Inf,-Inf,3,0,"Dongou"
"136","Mokelegnegné","D220","F","Boucy-boucy","Adulte",NA,-Inf,-Inf,2,0,"Dongou"
"137","Mokelegnegné","D221","M","Djoumbelé","Adulte",NA,-Inf,-Inf,4,0,"Dongou"
"140","Massendjo","D224","F","Boucy-boucy","Adulte",NA,-Inf,-Inf,3,0,"Dongou"
"142","Ndzoumbele","D226","M","Bangui","Adulte",73789.2882476169,790524.105499889,35071.0231828385,5,3,"Dongou"
"144","Ndzoumbele","D228","F","Boucy-boucy","Adulte",NA,-Inf,-Inf,4,0,"Dongou"
"146","Tangassi","D23","M","Boucy-boucy","Adulte",NA,-Inf,-Inf,3,0,"Dongou"
"149","Ndzoumbele","D232","F","Boucy-boucy","Adulte",NA,-Inf,-Inf,3,0,"Dongou"
"156","Mabanga1","D239","M","Manfoueté","Adulte",788623.668405881,788623.668405881,788623.668405881,2,1,"Dongou"
"157","Cacao","D24","M","Botanga","Adulte",NA,-Inf,-Inf,2,0,"Dongou"
"158","Mabanga1","D240","F","Boucy-boucy","Adulte",NA,-Inf,-Inf,2,0,"Dongou"
"159","Mabanga1","D241","M","Boucy-boucy","Adulte",131200.307938525,788623.668405881,20582.0174579469,8,4,"Dongou"
"163","Mabanga1","D245","F","Bongoye","Adulte",NA,-Inf,-Inf,2,0,"Dongou"
"166","Kokosso","D248","M","Boucy-boucy","Adolescent",70184.0486742242,70184.0486742242,70184.0486742242,3,1,"Dongou"
"168","Cacao","D25","M","Maoangouma","Adulte",NA,-Inf,-Inf,2,0,"Dongou"
"169","Kokosso","D250","F","Boucy-boucy","Adulte",NA,-Inf,-Inf,2,0,"Dongou"
"171","Kokosso","D252","F","Boucy-boucy","Adulte",NA,-Inf,-Inf,2,0,"Dongou"
"172","Kokosso","D253","F","Mafouete","Adulte",NA,-Inf,-Inf,2,0,"Dongou"
"173","Kokosso","D254","M",NA,"Adulte",37512.1872824212,37512.1872824212,37512.1872824212,2,1,"Dongou"
"176","Kokosso","D257","M",NA,"Adulte",NA,-Inf,-Inf,2,0,"Dongou"
"177","Kokosso","D258","F","Manfoueté","Adolescent",NA,-Inf,-Inf,3,0,"Dongou"
"178","Boleiké3","D259","M","Motaba","Personne âgée",NA,-Inf,-Inf,3,0,"Dongou"
"180","Kokosso","D260","F","Manfoueté","Adolescent",NA,-Inf,-Inf,2,0,"Dongou"
"183","Boleiké3","D263","F","Moumbelou","Adulte",54531.9604810275,70296.5310618646,38767.3899001904,4,2,"Dongou"
"185","Boleiké3","D265","M","Boucy-boucy","Adulte",NA,-Inf,-Inf,4,0,"Dongou"
"186","Boleiké3","D266","F","Enyelle","Adulte",NA,-Inf,-Inf,4,0,"Dongou"
"192","Mabanga2","D271","F","Boucy-boucy","Adulte",NA,-Inf,-Inf,0,0,"Dongou"
"193","Mabanga2","D272","M","Boucy-boucy","Adulte",NA,-Inf,-Inf,2,0,"Dongou"
"197","Mabanga2","D276","F","Boucy-boucy","Personne âgée",NA,-Inf,-Inf,3,0,"Dongou"
"202","Bélé","D280","M","Boucy-boucy","Adolescent",NA,-Inf,-Inf,1,0,"Dongou"
"204","Bélé","D282","M",NA,"Adulte",787953.284553584,787953.284553584,787953.284553584,2,1,"Dongou"
"205","Bélé","D283","F","Manfoueté","Adulte",NA,-Inf,-Inf,1,0,"Dongou"
"208","Bélé","D286","M","Boucy-boucy","Personne âgée",400164.940869007,787953.284553584,12376.5971844311,2,2,"Dongou"
"209","Massendjo","D287","M","Losso","Adulte",791105.678584702,791105.678584702,791105.678584702,3,1,"Dongou"
"215","Massendjo","D292","F","Dongou","Adulte",NA,-Inf,-Inf,3,0,"Dongou"
"216","Massendjo","D293","F","Boucy-boucy","Adulte",NA,-Inf,-Inf,0,0,"Dongou"
"218","Massendjo","D295","F","Boucy-boucy","Adulte",NA,-Inf,-Inf,1,0,"Dongou"
"227","Massendjo","D302","F","Manfoueté","Adulte",NA,-Inf,-Inf,0,0,"Dongou"
"230","Massendjo","D305","M","Boucy-boucy","Adulte",74090.6193816399,791105.678584702,37020.7888483874,3,3,"Dongou"
"231","Massendjo","D306","F","Boucy-boucy","Personne âgée",NA,-Inf,-Inf,2,0,"Dongou"
"236","Kokosso","D310","F","Boucy-boucy","Adolescent",NA,-Inf,-Inf,1,0,"Dongou"
"237","Kokosso","D311","F","Boucy-boucy","Adulte",NA,-Inf,-Inf,0,0,"Dongou"
"238","Kokosso","D312","M","Boleiké","Adolescent",NA,-Inf,-Inf,0,0,"Dongou"
"241","Kokosso","D315","M","Moangouma","Adulte",NA,-Inf,-Inf,2,0,"Dongou"
"242","Kokosso","D316","F","Boucy-boucy","Adulte",NA,-Inf,-Inf,1,0,"Dongou"
"243","Kokosso","D317","F","Boucy-boucy","Personne âgée",NA,-Inf,-Inf,0,0,"Dongou"
"244","Kokosso","D318","M","Manfoueté","Personne âgée",70184.0486742242,787200.052335663,24120.0273086659,3,3,"Dongou"
"249","Kokosso","D322","F","Boucy-boucy","Adulte",NA,-Inf,-Inf,0,0,"Dongou"
"251","Kokosso","D324","M","Manfoueté","Adulte",98193.5072851363,98193.5072851363,98193.5072851363,2,1,"Dongou"
"253","Kokosso","D326","F","Boucy-boucy","Adolescent",NA,-Inf,-Inf,1,0,"Dongou"
"257","Cacao","D33","F","Manfoueté","Adulte",NA,-Inf,-Inf,2,0,"Dongou"
"258","Kokosso","D330","M","Boucy-boucy","Adulte",70184.0486742242,70184.0486742242,70184.0486742242,2,1,"Dongou"
"259","Kokosso","D331","F","Bangui","Adulte",NA,-Inf,-Inf,1,0,"Dongou"
"265","Kokosso","D337","F","Losso","Adulte",NA,-Inf,-Inf,1,0,"Dongou"
"268","Cacao","D34","F","Manfoueté","Adulte",NA,-Inf,-Inf,1,0,"Dongou"
"272","Boleiké2","D343","F","Boucy-boucy","Adolescent",NA,-Inf,-Inf,0,0,"Dongou"
"273","Boleiké2","D344","F","Boucy-boucy","Adulte",NA,-Inf,-Inf,2,0,"Dongou"
"274","Boleiké2","D345","M","Malala","Adulte",NA,-Inf,-Inf,5,0,"Dongou"
"275","Boleiké2","D346","F","Boucy-boucy","Personne âgée",NA,-Inf,-Inf,1,0,"Dongou"
"276","Boleiké2","D347","M","Manfouté","Personne âgée",NA,-Inf,-Inf,0,0,"Dongou"
"278","Boleiké2","D349","F","Boucy-boucy","Adolescent",NA,-Inf,-Inf,0,0,"Dongou"
"279","Cacao","D35","M","Maoangouma","Adulte",NA,-Inf,-Inf,2,0,"Dongou"
"280","Boleiké2","D350","F","Boucy-boucy","Adolescent",NA,-Inf,-Inf,1,0,"Dongou"
"282","Boleiké2","D352","F","Boucy-boucy","Personne âgée",NA,-Inf,-Inf,0,0,"Dongou"
"283","Boleiké2","D353","M","Manfouté","Personne âgée",25041.8143548715,787278.824863911,12818.2441245927,4,3,"Dongou"
"287","Boleiké2","D357","F","Dongou","Adolescent",70891.0368428096,787278.824863911,25041.8143548715,4,3,"Dongou"
"288","Boleiké2","D358","F","Boucy-boucy","Adulte",NA,-Inf,-Inf,2,0,"Dongou"
"289","Boleiké2","D359","M","Bangui","Adulte",31172.1601862826,36246.9668213965,26097.3535511686,6,2,"Dongou"
"291","Boleiké2","D360","M","Dongou","Personne âgée",NA,-Inf,-Inf,2,0,"Dongou"
"292","Boleiké2","D361","F","Boucy-boucy","Personne âgée",21635.6953968803,60270.5111027494,10954.7949853279,6,4,"Dongou"
"294","Kokosso","D363","F","Manfoueté","Personne âgée",NA,-Inf,-Inf,2,0,"Dongou"
"296","Kokosso","D365","F","Boucy-boucy","Adolescent",NA,-Inf,-Inf,1,0,"Dongou"
"297","Kokosso","D366","F","Mindjoukou","Personne âgée",NA,-Inf,-Inf,2,0,"Dongou"
"298","Kokosso","D367","M","Bolomo","Personne âgée",NA,-Inf,-Inf,1,0,"Dongou"
"299","Boleiké1","D368","F","Boucy-boucy","Personne âgée",62381.7170751608,787325.27486999,25466.4265024987,7,7,"Dongou"
"300","Boleiké1","D369","M","Manfoueté","Personne âgée",50328.0457255812,787325.27486999,25466.4265024987,8,8,"Dongou"
"301","Cacao","D37","M","Bondzale","Adolescent",NA,-Inf,-Inf,0,0,"Dongou"
"305","Boleiké3","D373","F","Boucy-boucy","Adulte",NA,-Inf,-Inf,1,0,"Dongou"
"307","Boleiké3","D375","M","Boucy-boucy","Adolescent",NA,-Inf,-Inf,0,0,"Dongou"
"308","Boleiké3","D376","M","Manfoueté","Adulte",NA,-Inf,-Inf,2,0,"Dongou"
"311","Boleiké3","D379","M","Boucy-boucy","Personne âgée",786394.595400031,786394.595400031,786394.595400031,3,1,"Dongou"
"312","Bokoko","D38","F","Ndzoumbele","Adulte",NA,-Inf,-Inf,2,0,"Dongou"
"313","Boleiké3","D380","F","Boucy-boucy","Personne âgée",NA,-Inf,-Inf,2,0,"Dongou"
"314","Boleiké3","D381","F","Boucy-boucy","Adulte",NA,-Inf,-Inf,3,0,"Dongou"
"317","Mokombo1","D384","F","Dongou","Adulte",NA,-Inf,-Inf,0,0,"Dongou"
"319","Mokombo1","D386","M","Longa","Adulte",NA,-Inf,-Inf,0,0,"Dongou"
"321","Mokombo2","D388","F","Village Mapoté","Personne âgée",NA,-Inf,-Inf,0,0,"Dongou"
"323","Bokoko","D39","M","Ndzoumbele","Adulte",NA,-Inf,-Inf,2,0,"Dongou"
"325","Bagorhé","D391","F","Boucy-boucy","Personne âgée",NA,-Inf,-Inf,0,0,"Dongou"
"328","Bagorhé","D394","F","Boucy-boucy","Adulte",NA,-Inf,-Inf,0,0,"Dongou"
"329","Bagorhé","D395","M","Mimbelli","Personne âgée",NA,-Inf,-Inf,0,0,"Dongou"
"330","Bagorhé","D396","M","Mimbelli","Adolescent",NA,-Inf,-Inf,0,0,"Dongou"
"334","Safou","D4","M","Boucy-boucy","Personne âgée",NA,-Inf,-Inf,2,0,"Dongou"
"335","Bokoko","D40","F","Moangouma","Adulte",NA,-Inf,-Inf,2,0,"Dongou"
"337","Mossimbi2","D401","F","Dongou","Adolescent",NA,-Inf,-Inf,0,0,"Dongou"
"338","Mossimbi2","D402","F","Botanga","Adulte",NA,-Inf,-Inf,0,0,"Dongou"
"340","Mossimbi2","D404","M","Dongou","Adulte",NA,-Inf,-Inf,0,0,"Dongou"
"345","Mossimbi2","D409","F","Dongou","Adulte",NA,-Inf,-Inf,0,0,"Dongou"
"347","Mossimbi2","D410","M","Dongou","Adulte",NA,-Inf,-Inf,0,0,"Dongou"
"350","Mossimbi2","D413","F","Dongou","Adolescent",NA,-Inf,-Inf,0,0,"Dongou"
"351","Mossimbi2","D414","F","Dongou","Adulte",NA,-Inf,-Inf,0,0,"Dongou"
"352","Mossimbi2","D415","M","Dongou","Adulte",NA,-Inf,-Inf,0,0,"Dongou"
"353","Mossimbi2","D416","F","Mossimbi","Adulte",NA,-Inf,-Inf,0,0,"Dongou"
"356","Mossimbi2","D419","F","Dongou","Adolescent",NA,-Inf,-Inf,0,0,"Dongou"
"357","Bokoko","D42","M","Manfoueté","Adulte",NA,-Inf,-Inf,2,0,"Dongou"
"358","Mossimbi1","D420","F","Dongou","Adulte",NA,-Inf,-Inf,0,0,"Dongou"
"362","Mokombo1","D424","F","Mokombo 1","Adulte",NA,-Inf,-Inf,0,0,"Dongou"
"364","Bokoko","D43","M",NA,"Adulte",NA,-Inf,-Inf,3,0,"Dongou"
"365","Tangassi","D44","M","Moangouma","Adulte",NA,-Inf,-Inf,1,0,"Dongou"
"368","Ngomba","D47","F","Boucy-boucy","Personne âgée",NA,-Inf,-Inf,4,0,"Dongou"
"369","Ngomba","D48","M","Boucy-boucy","Adulte",NA,-Inf,-Inf,2,0,"Dongou"
"370","Ngomba","D49","M","Modzaka","Adolescent",NA,-Inf,-Inf,0,0,"Dongou"
"372","Ngomba","D50","F","Impfondo","Adolescent",NA,-Inf,-Inf,2,0,"Dongou"
"373","Ngomba","D51","M","Moangouma","Personne âgée",NA,-Inf,-Inf,2,0,"Dongou"
"374","Ngomba","D52","F","Modzaka","Adulte",NA,-Inf,-Inf,3,0,"Dongou"
"375","Tali","D53","F","Dongou","Adulte",NA,-Inf,-Inf,2,0,"Dongou"
"378","Tali","D56","M","Moangouma","Adulte",NA,-Inf,-Inf,3,0,"Dongou"
"380","Tali","D58","F","Moangouma","Adolescent",NA,-Inf,-Inf,2,0,"Dongou"
"384","Tali","D61","F","Moangouma","Adolescent",NA,-Inf,-Inf,2,0,"Dongou"
"388","Tali","D65","M","Dongou","Adulte",108115.298780255,108115.298780255,108115.298780255,10,1,"Dongou"
"390","Tali","D67","F","Moangouma","Adolescent",NA,-Inf,-Inf,0,0,"Dongou"
"391","Tali","D68","F","Dongou","Personne âgée",NA,-Inf,-Inf,6,0,"Dongou"
"393","Tangassi","D7","M","Moangouma","Personne âgée",NA,-Inf,-Inf,4,0,"Dongou"
"396","Bokombo6","D72","F",NA,"Adulte",NA,-Inf,-Inf,3,0,"Dongou"
"397","Bokombo6","D73","M","Ikouangala","Adolescent",NA,-Inf,-Inf,2,0,"Dongou"
"398","Bokombo6","D74","M","Dongou","Adulte",NA,-Inf,-Inf,2,0,"Dongou"
"400","Bokombo6","D76","F",NA,"Adulte",NA,-Inf,-Inf,2,0,"Dongou"
"401","Bokombo6","D77","M","Bangui","Adulte",NA,-Inf,-Inf,4,0,"Dongou"
"402","Bokombo6","D78","F","Bangui","Personne âgée",NA,-Inf,-Inf,4,0,"Dongou"
"404","Safou","D8","F","Losso","Adulte",NA,-Inf,-Inf,1,0,"Dongou"
"408","Bokombo6","D83","F","Dongou","Adulte",NA,-Inf,-Inf,3,0,"Dongou"
"409","Bokombo4","D84","F","Manfoueté","Adulte",NA,-Inf,-Inf,0,0,"Dongou"
"412","Bokombo4","D87","F","Ikouangala","Adulte",NA,-Inf,-Inf,1,0,"Dongou"
"413","Bokombo4","D88","M","Ikouangala","Adulte",NA,-Inf,-Inf,2,0,"Dongou"
"415","Tangassi","D9","F","Dongou","Personne âgée",NA,-Inf,-Inf,4,0,"Dongou"
"416","Bokombo3","D90","F","Dongou","Adulte",NA,-Inf,-Inf,3,0,"Dongou"
"417","Bokombo5","D91","F","Ikouangala","Adulte",NA,-Inf,-Inf,3,0,"Dongou"
"418","Bokombo5","D92","F","Manfoueté","Personne âgée",NA,-Inf,-Inf,0,0,"Dongou"
"420","Bokombo3","D94","M","Sambala","Adulte",NA,-Inf,-Inf,3,0,"Dongou"
"425","Bokombo4","D99","M","Bétou","Adulte",NA,-Inf,-Inf,2,0,"Dongou"
"410","Kakélo6","M151","F","Bangui","Adulte",27327.593512902,27327.593512902,27327.593512902,7,1,"Macao"
"5","Boua2","M75","F","Bangui","FALSE",NA,-Inf,-Inf,6,0,"Macao"
"710","Kakélo4","M167","M","Bangui","Adulte",73335.4642941318,123385.048481804,2211.02980634604,11,4,"Macao"
"810","Boua1","M90","F","Bangui","Adulte",NA,-Inf,-Inf,10,0,"Macao"
"910","Kakélo6","M111","F","Bangui","Adulte",NA,-Inf,-Inf,9,0,"Macao"
"1010","Kakélo4","M119","F","Bangui","Adolescent",NA,-Inf,-Inf,8,0,"Macao"
"1310","Kakélo2","M132","F","Bangui","Adulte",51756.9057453129,51756.9057453129,51756.9057453129,2,1,"Macao"
"15","Kakélo5","M142","M","Bangui","Adolescent",50486.2716079486,50486.2716079486,50486.2716079486,7,1,"Macao"
"17","Boua1","M63","F","Bangui","Personne âgée",48740.7224788328,48740.7224788328,48740.7224788328,5,1,"Macao"
"181","Bateké1","M11","M","Djoubou","Adulte",NA,-Inf,-Inf,4,0,"Macao"
"194","Kakélo4","M162","F","Bangui","Adulte",50714.8513661867,50714.8513661867,50714.8513661867,3,1,"Macao"
"22","Boua2","M130","M","Bangui","Adulte",95051.2893869942,125790.273432866,79223.9135333604,13,3,"Macao"
"23","Boua2","M126","M","Bangui","Adulte",68781.0882278804,88847.6532120732,48714.5232436876,5,2,"Macao"
"277","Boua1","M68","F","Bangui","Adulte",48740.7224788328,48740.7224788328,48740.7224788328,3,1,"Macao"
"31","Mopendé","M36","F","Papé","Personne âgée",NA,-Inf,-Inf,3,0,"Macao"
"32","Kakélo1","M94","M","Bangui","Personne âgée",NA,-Inf,-Inf,2,0,"Macao"
"331","Bakouengué","M32","F","Bayanga","Adulte",NA,-Inf,-Inf,3,0,"Macao"
"35","Kakélo2","M84","F","Bangui","Adulte",51756.9057453129,51756.9057453129,51756.9057453129,1,1,"Macao"
"371","Bateké2","M15","F","Maca","Adolescent",NA,-Inf,-Inf,6,0,"Macao"
"381","Moyimbi","M2","M","Dongou","Adulte",NA,-Inf,-Inf,4,0,"Macao"
"39","Boua2","M74","M","Bangui","Adulte",40909.4204302595,40909.4204302595,40909.4204302595,3,1,"Macao"
"40","Moyimbi","M5","F","Mobongo","Adulte",NA,-Inf,-Inf,1,0,"Macao"
"411","Bakouengué","M26","F","Macao","Adulte",NA,-Inf,-Inf,4,0,"Macao"
"42","Kakélo6","M154","F","Bangui","Adulte",2796.94375733602,2796.94375733602,2796.94375733602,3,1,"Macao"
"43","Movossovosso","M81","M","Dongou","Personne âgée",NA,-Inf,-Inf,3,0,"Macao"
"441","Boua1","M93","M","Bangui","Adolescent",NA,-Inf,-Inf,10,0,"Macao"
"46","Boua2","M127","F","Bangui","Adulte",22625.2879203358,22625.2879203358,22625.2879203358,10,1,"Macao"
"47","Kakélo4","M116","F","Bangui","Adulte",50714.8513661867,50714.8513661867,50714.8513661867,2,1,"Macao"
"49","Kakélo1","M96","M","Bangui","Adulte",NA,-Inf,-Inf,11,0,"Macao"
"53","Papé","M49","F","Papé","Adolescent",NA,-Inf,-Inf,2,0,"Macao"
"561","Kakélo3","M140","M","Bangui","Adulte",94875.6193957488,151911.371992012,51588.0979370855,7,4,"Macao"
"58","Kakélo6","M103","M","Bangui","Adulte",NA,-Inf,-Inf,9,0,"Macao"
"591","Boua1","M92","F","Bangui","Adulte",NA,-Inf,-Inf,11,0,"Macao"
"631","Kakélo6","M108","F","Bangui","Adulte",NA,-Inf,-Inf,9,0,"Macao"
"641","Bakouengué","M31","M","Berandjokou","Adulte",138283.025929427,163645.148169634,112920.903689219,11,2,"Macao"
"651","Kakélo5","M99","F","Bangui","Adulte",79354.8803328113,79354.8803328113,79354.8803328113,9,1,"Macao"
"711","Molapa_MA","M24","M","Bangui","Adulte",NA,-Inf,-Inf,1,0,"Macao"
"73","Kakélo2","M83","M","Bangui","Adulte",94426.4274009964,94426.4274009964,94426.4274009964,3,1,"Macao"
"75","Bateké1","M12","F","Macao","Adulte",7082.2725587563,7082.2725587563,7082.2725587563,2,1,"Macao"
"771","Kakélo6","M150","M","Macao","Adulte",96471.9191831083,123770.103643903,59677.487538282,8,3,"Macao"
"791","Mopendé","M41","F","Papé","Adulte",NA,-Inf,-Inf,3,0,"Macao"
"80","Kakélo4","M115","M","","Adulte",50714.8513661867,50714.8513661867,50714.8513661867,4,1,"Macao"
"81","Kakélo2","M131","M","Bangui","Adulte",73091.6665731546,94426.4274009964,51756.9057453129,9,2,"Macao"
"82","Molapa_MA","M25","F","Macao","Adulte",5922.34270342237,5922.34270342237,5922.34270342237,1,1,"Macao"
"841","Boua1","M137","F","Dongou","Adulte",48740.7224788328,48740.7224788328,48740.7224788328,5,1,"Macao"
"85","Kakélo1","M97","F","Bangui","Adulte",NA,-Inf,-Inf,3,0,"Macao"
"881","Atanga","M172","F","Macao","Adolescent",NA,-Inf,-Inf,8,0,"Macao"
"90","Boua2","M122","F","Bangui","Adulte",48714.5232436876,48714.5232436876,48714.5232436876,5,1,"Macao"
"911","Kakélo4","M161","M","Bangui","Adulte",26462.9405862664,50714.8513661867,2211.02980634604,6,2,"Macao"
"94","Kakélo2","M89","M","Bangui","Adolescent",NA,-Inf,-Inf,4,0,"Macao"
"95","Moyimbi","M1","F","Dongou","Adulte",NA,-Inf,-Inf,2,0,"Macao"
"96","Kakélo6","M107","M","Bayanga","Adulte",52257.2906706444,59677.487538282,44837.0938030068,5,2,"Macao"
"97","Moyimbi","M7","M","Macao","Adulte",108662.828992945,163902.054715485,53423.603270404,2,2,"Macao"
"98","Mopendé","M33","M","Papé","Personne âgée",165238.683303538,335683.187372384,118207.438280251,10,3,"Macao"
"991","Mopendé","M37","M","Papé","Adolescent",NA,-Inf,-Inf,3,0,"Macao"
"1001","Malomba","M55","M","Bangui","Personne âgée",121880.429103301,121880.429103301,121880.429103301,5,1,"Macao"
"102","Atanga","M177","F","Macao","Adulte",NA,-Inf,-Inf,13,0,"Macao"
"1031","Mopendé","M39","M","Papé","Adulte",31106.7974446578,31106.7974446578,31106.7974446578,4,1,"Macao"
"1051","Boua1","M67","M","Bangui","Adulte",35676.1316210387,48740.7224788328,22611.5407632446,10,2,"Macao"
"106","Atanga","M171","F","Macao","Adulte",NA,-Inf,-Inf,14,0,"Macao"
"1081","Kakélo6","M159","F","Bangui","Adulte",50376.2539772928,50376.2539772928,50376.2539772928,9,1,"Macao"
"112","Bateké2","M16","F","Moudjanda","Personne âgée",NA,-Inf,-Inf,1,0,"Macao"
"115","Atanga","M176","F","Thanry","Adolescent",NA,-Inf,-Inf,3,0,"Macao"
"117","Molapa_MA","M19","F","Bangui","Adulte",NA,-Inf,-Inf,4,0,"Macao"
"1181","Boua1","M62","M","Bangui","Personne âgée",110398.24097244,125796.580993017,94999.900951864,5,2,"Macao"
"120","Boua1","M69","M","Bangui","Adulte",89004.8307634215,89004.8307634215,89004.8307634215,4,1,"Macao"
"122","Kakélo6","M158","M","Bangui","Adulte",26586.5988673144,50376.2539772928,2796.94375733602,7,2,"Macao"
"1231","Atanga","M170","F","Macao","Personne âgée",NA,-Inf,-Inf,7,0,"Macao"
"126","Kakélo2","M88","M","Bangui","Personne âgée",NA,-Inf,-Inf,0,0,"Macao"
"1271","Malomba","M56","F","Macao","Personne âgée",NA,-Inf,-Inf,4,0,"Macao"
"1281","Kakélo4","M120","F","Bangui","Adolescent",NA,-Inf,-Inf,3,0,"Macao"
"1291","Boua2","M121","M","Bangui","Adulte",71882.9063153409,170037.463520114,40909.4204302595,13,4,"Macao"
"1301","Kakélo1","M139","M","Bangui","Adulte",101661.369394735,162788.934773936,40533.8040155325,12,2,"Macao"
"131","Moyimbi","M8","F","Macao","Adulte",8325.18714944852,8325.18714944852,8325.18714944852,1,1,"Macao"
"133","Kakélo1","M145","F","Bangui","Adulte",93888.6320769628,93888.6320769628,93888.6320769628,7,1,"Macao"
"1341","Kakélo6","M153","M","Bangui","Adulte",45682.5360534188,50376.2539772928,40988.8181295447,11,2,"Macao"
"1351","Kakélo5","M102","F","Bangui","FALSE",27304.8179108581,27304.8179108581,27304.8179108581,2,1,"Macao"
"1361","Kakélo6","M104","F","Bangui","Adulte",NA,-Inf,-Inf,12,0,"Macao"
"1371","Boua2","M136","F","Bangui","Adulte",NA,-Inf,-Inf,4,0,"Macao"
"139","Movossovosso","M82","F","Bangui","Personne âgée",NA,-Inf,-Inf,1,0,"Macao"
"1401","Kakélo3","M141","F","Bangui","Personne âgée",NA,-Inf,-Inf,0,0,"Macao"
"143","Atanga","M175","F","Macao","FALSE",NA,-Inf,-Inf,1,0,"Macao"
"1441","Boua2","M71","F","Bangui","Adulte",95051.2893869942,95051.2893869942,95051.2893869942,2,1,"Macao"
"1491","Boua2","M70","M","Bangui","Adulte",95051.2893869942,95051.2893869942,95051.2893869942,10,1,"Macao"
"151","Molapa_MA","M18","M","Macao","Adulte",124296.882980867,133383.076910343,115210.68905139,7,2,"Macao"
"1581","Bateké2","M14","M","Bangui","Adulte",NA,-Inf,-Inf,4,0,"Macao"
"165","Kakélo3","M148","F","Bangui","Adulte",NA,-Inf,-Inf,7,0,"Macao"
"1661","Kakélo1","M95","F","Bangui","Personne âgée",NA,-Inf,-Inf,3,0,"Macao"
"167","Kakélo3","M98","M","Bangui","Adulte",NA,-Inf,-Inf,6,0,"Macao"
"1","Bonga2","M202","M","Bangui","Adulte",96905.630405279,128375.313917929,80327.6466141472,7,4,"Macao"
"211","Bonga2","M203","F","Bonga2","Adulte",NA,-Inf,-Inf,0,0,"Macao"
"310","Bonga2","M204","F","Bonga2","Adulte",104829.204013604,163069.420712733,46588.987314476,4,3,"Macao"
"414","Bonga2","M205","F","Bangui","Adulte",23977.3259065255,46588.987314476,1365.664498575,2,2,"Macao"
"510","Bonga2","M401","F","Bangui","Adulte",NA,-Inf,-Inf,0,0,"Macao"
"610","Bonga2","M206","F","Bonga2","Personne âgée",46588.987314476,46588.987314476,46588.987314476,2,1,"Macao"
"712","Bonga2","M207","M","Bonga2","Adulte",46588.987314476,46588.987314476,46588.987314476,2,1,"Macao"
"811","Bate","M208","M","Bate","Adulte",96863.5700178281,128341.492227516,46629.5862509959,5,3,"Macao"
"1011","Bonga1","M210","M","","Adulte",46200.1960374823,46200.1960374823,46200.1960374823,3,2,"Macao"
"11","Bonga1","M211","F","Bangui","Adulte",31593.2030496297,46200.1960374823,16986.2100617771,3,3,"Macao"
"1210","Bonga1","M212","M","Bangui","Adulte",84634.0048691466,162607.79570266,16986.2100617771,9,7,"Macao"
"1311","Bonga1","M213","M","Bangui","Personne âgée",88434.4374310807,128653.31795126,16986.2100617771,6,5,"Macao"
"1410","Bonga1","M214","M","Bangui","Adulte",88434.4374310807,128653.31795126,16986.2100617771,8,6,"Macao"
"201","Payo","M220","M","Bangui","Adolescent",104448.611633586,162756.001455586,46141.221811587,3,3,"Macao"
"2110","Payo","M221","F","","Personne âgée",67300.7278287845,128746.532594066,1597.3212503376,14,6,"Macao"
"221","Payo","M222","M","","Personne âgée",NA,-Inf,-Inf,4,0,"Macao"
"233","Payo","M223","F","","Adulte",95693.2295007648,145245.237189943,46141.221811587,6,2,"Macao"
"24","Payo","M224","M","Bangui","Adulte",74729.9697485511,162756.001455586,16936.2617916787,13,7,"Macao"
"26","Payo","M227","F","Bangui","Adulte",16936.2617916787,145245.237189943,1597.3212503376,6,4,"Macao"
"2710","Payo","M228","F","Djoube","Adulte",46141.221811587,162756.001455586,16936.2617916787,5,3,"Macao"
"28","Payo","M229","M","Bangui","Adulte",67300.7278287845,162756.001455586,1597.3212503376,8,5,"Macao"
"29","Payo","M230","M","Macao","Adulte",162756.001455586,171279.944889144,1597.3212503376,7,3,"Macao"
"361","Bate","M237","F","Bangui","Adulte",32036.0489590948,46629.5862509959,17442.5116671937,4,2,"Macao"
"376","Bate","M238","M","Bandza","Adulte",17442.5116671937,17442.5116671937,17442.5116671937,3,2,"Macao"
"382","Bete3","M239","M","Bangui","Adulte",17120.3646064758,17120.3646064758,17120.3646064758,9,1,"Macao"
"392","Bete3","M240","F","Bangui","Adulte",17120.3646064758,46327.0918961585,1418.61090347273,4,4,"Macao"
"403","Bete3","M241","F","Bangui","Adulte",NA,-Inf,-Inf,2,0,"Macao"
"419","Bete1","M242","M","Bangui","Adulte",89088.5835890528,162643.817613059,16970.6482150737,8,4,"Macao"
"421","Bete1","M243","F","Mboule","Adulte",NA,-Inf,-Inf,5,0,"Macao"
"431","Bete1","M244","F","Bangui","Personne âgée",31576.5761453479,46182.5040756221,16970.6482150737,3,3,"Macao"
"442","Bete1","M245","M","Bangui","Adulte",128679.258352249,128679.258352249,128679.258352249,10,1,"Macao"
"45","Payo","M246","M","Boua","Adulte",121797.044258481,162756.001455586,80838.0870613755,9,3,"Macao"
"461","Payo","M247","F","","Personne âgée",48887.1744265271,80838.0870613755,16936.2617916787,9,2,"Macao"
"471","Payo","M248","F","Bangui","Adulte",16936.2617916787,16936.2617916787,16936.2617916787,3,2,"Macao"
"501","Bonga1","M251","","Mboule","Adulte",46200.1960374823,46200.1960374823,46200.1960374823,4,1,"Macao"
"511","Bete1","M252","F","Bangui","Adolescent",23848.8159594874,46182.5040756221,1515.12784335266,3,3,"Macao"
"521","Bete1","M253","F","Bangui","Adulte",9242.88802921319,16970.6482150737,1515.12784335266,6,2,"Macao"
"531","Bete1","M254","M","Bangui","Adolescent",9242.88802921319,16970.6482150737,1515.12784335266,6,2,"Macao"
"541","Bete1","M255","F","Bangui","Adolescent",16970.6482150737,46182.5040756221,1515.12784335266,4,4,"Macao"
"551","Payo","M257","F","Bangui","Adolescent",46141.221811587,46141.221811587,46141.221811587,2,2,"Macao"
"562","Bonga1","M258","F","Bangui","Personne âgée",9235.94835514658,16986.2100617771,1485.68664851611,3,2,"Macao"
"581","Bonga1","M259","F","Bangui","Adulte",16986.2100617771,16986.2100617771,16986.2100617771,4,1,"Macao"
"592","Bonga1","M260","F","Bangui","Adulte",108676.011668348,246301.029748941,16986.2100617771,7,5,"Macao"
"601","Bonga1","M261","F","Bangui","Adulte",31593.2030496297,46200.1960374823,16986.2100617771,4,2,"Macao"
"611","Bete2","M262","F","Bangui","Adulte",NA,-Inf,-Inf,2,0,"Macao"
"62","Bete2","M263","F","Bangui","Adulte",1394.7841456143,1394.7841456143,1394.7841456143,2,1,"Macao"
"632","Bete2","M264","F","Bangui","Personne âgée",NA,-Inf,-Inf,1,0,"Macao"
"642","Bete2","M265","M","Bangui","Adulte",97133.0683554762,128848.963596744,46378.5853212635,14,4,"Macao"
"652","Bete2","M266","F","Bangui","Adulte",9284.70460299144,17174.6250603686,1394.7841456143,3,2,"Macao"
"66","Bete2","M267","M","Bangui","Adulte",98678.5312331403,162803.755937329,42542.6426042964,6,5,"Macao"
"67","Bete3","M268","F","Bangui","Adulte",46327.0918961585,46327.0918961585,46327.0918961585,3,1,"Macao"
"68","Bete2","M269","F","Bangui","Personne âgée",NA,-Inf,-Inf,0,0,"Macao"
"70","Mboule","M271","M","Bangui","Adulte",18101.5448824699,18101.5448824699,18101.5448824699,3,1,"Macao"
"713","Mboule","M272","M","Mboule","Adulte",127584.265225484,162783.362082754,18101.5448824699,13,6,"Macao"
"72","Mboule","M273","F","Bangui","Adolescent",NA,-Inf,-Inf,3,0,"Macao"
"731","Mboule","M274","M","Mboule","Adolescent",23967.3897227392,47313.7964735886,620.982971889788,4,3,"Macao"
"74","Mboule","M275","M","Bangui","Personne âgée",620.982971889788,620.982971889788,620.982971889788,2,2,"Macao"
"751","Mboule","M277","F","","Personne âgée",47313.7964735886,47313.7964735886,47313.7964735886,11,1,"Macao"
"761","Mboule","M279","F","Mboule","Adulte",9361.26392717986,18101.5448824699,620.982971889788,2,2,"Macao"
"772","Mboule","M278","M","Mboule","Adulte",18101.5448824699,18101.5448824699,18101.5448824699,2,1,"Macao"
"781","Mboule","M280","F","Mboule","Adulte",23967.3897227392,47313.7964735886,620.982971889788,4,3,"Macao"
"792","Mboule","M281","F","Mboule","Adulte",32707.6706780292,47313.7964735886,18101.5448824699,6,2,"Macao"
"801","Mboule","M282","M","Bangui","Adulte",NA,-Inf,-Inf,3,0,"Macao"
"812","Mboule","M283","F","Bangui","Adulte",18101.5448824699,18101.5448824699,18101.5448824699,2,1,"Macao"
"821","Mboule","M284","F","Bangui","Adulte",66690.5300425148,115279.51520256,18101.5448824699,3,2,"Macao"
"83","Mboule","M285","M","Bangui","Adolescent",32707.6706780292,47313.7964735886,18101.5448824699,4,2,"Macao"
"842","Mboule","M286","F","Bangui","Adulte",9361.26392717986,18101.5448824699,620.982971889788,2,2,"Macao"
"851","Mboule","M287","F","Bangui","Adolescent",47313.7964735886,47313.7964735886,47313.7964735886,3,1,"Macao"
"861","Goumakoungou2","M288","M","Mboule","Personne âgée",55191.4663033573,72855.8543454831,25941.248316406,10,3,"Macao"
"871","Goumakoungou2","M373","F","Bangui","Personne âgée",NA,-Inf,-Inf,1,0,"Macao"
"882","Goumakoungou2","M289","F","Bangui","Adulte",NA,-Inf,-Inf,4,0,"Macao"
"891","Goumakoungou2","M290","F","Bangui","Personne âgée",25941.248316406,25941.248316406,25941.248316406,3,2,"Macao"
"901","Goumakoungou2","M291","M","Mboule","Adulte",NA,-Inf,-Inf,8,0,"Macao"
"912","Goumakoungou2","M293","M","Bangui","",55191.4663033573,55191.4663033573,55191.4663033573,2,1,"Macao"
"92","Goumakoungou2","M294","F","Bangui","Adolescent",NA,-Inf,-Inf,2,0,"Macao"
"931","Goumakoungou2","M295","F","Bangui","Adolescent",55191.4663033573,55191.4663033573,55191.4663033573,2,1,"Macao"
"941","Keke","M296","M","Djoube","Adulte",113957.712040218,159480.715769916,60318.7114715386,10,3,"Macao"
"951","Keke","M297","F","Bangui","Adulte",NA,-Inf,-Inf,2,0,"Macao"
"961","Mboule","M298","M","Bangui","Adolescent",105048.579278171,162783.362082754,47313.7964735886,5,3,"Macao"
"992","Keke","M299","M","Djoube","Adulte",31564.1086582054,31564.1086582054,31564.1086582054,7,1,"Macao"
"1002","Keke","M300","F","Djoube","Adulte",NA,-Inf,-Inf,1,0,"Macao"
"101","Keke","M301","M","Mboule","Adulte",159480.715769916,159480.715769916,159480.715769916,10,1,"Macao"
"1021","Keke","M302","F","","",NA,-Inf,-Inf,0,0,"Macao"
"1032","Keke","M303","F","Moumbelou","Adulte",NA,-Inf,-Inf,3,0,"Macao"
"104","Keke","M503","F","Mboule","Personne âgée",NA,-Inf,-Inf,0,0,"Macao"
"1052","Keke","M304","F","Bobate","Adulte",60318.7114715386,60318.7114715386,60318.7114715386,4,2,"Macao"
"1061","Keke","M305","M","Bangui","Adulte",50198.1499659769,60318.7114715386,40077.5884604152,6,2,"Macao"
"107","Keke","M306","M","","Adulte",84126.3555966069,113957.712040218,60318.7114715386,10,4,"Macao"
"1082","Keke","M307","F","Mafoueté","Adulte",NA,-Inf,-Inf,3,0,"Macao"
"109","Keke","M308","M","Bangui","Adulte",147578.232251353,234837.753031167,60318.7114715386,5,2,"Macao"
"110","Keke","M309","F","Bangui","Adulte",NA,-Inf,-Inf,4,0,"Macao"
"111","Ngomo","M310","F","Mboule","Personne âgée",NA,-Inf,-Inf,2,0,"Macao"
"1121","Ngomo","M311","F","Mboule","Adulte",52064.119141195,52064.119141195,52064.119141195,2,1,"Macao"
"113","Ngomo","M312","M","Bangui","Adulte",91263.8258713469,294224.696967563,46096.5748835738,20,10,"Macao"
"1141","Ngomo","M313","M","Bangui","Adulte",120286.100111028,160309.679299901,52064.119141195,11,4,"Macao"
"1151","Ngomo","M314","F","Bangui","Adulte",NA,-Inf,-Inf,1,0,"Macao"
"116","Ngomo","M315","M","Mboule","Adolescent",106186.899220548,160309.679299901,52064.119141195,6,2,"Macao"
"1171","Ngomo","M316","M","Bangui","Adolescent",NA,-Inf,-Inf,1,0,"Macao"
"1182","Midiba","M317","M","Bangui","Adolescent",54392.8463292747,119856.039088623,36567.8118145946,4,3,"Macao"
"1191","Bayamoto","M318","M","Bangui","Personne âgée",73447.0797880232,122462.661620186,22570.6280391502,11,6,"Macao"
"1201","Bayamoto","M319","F","Bangui","Personne âgée",NA,-Inf,-Inf,2,0,"Macao"
"1211","Bayamoto","M321","F","Bangui","Adulte",NA,-Inf,-Inf,2,1,"Macao"
"1221","Bayamoto","M322","M","Bangui","Adulte",66128.7443666274,157431.834866536,39774.7497277719,10,8,"Macao"
"1232","Bayamoto","M323","M","Bangui","Adulte",157431.834866536,157431.834866536,157431.834866536,3,2,"Macao"
"124","Bayamoto","M324","M","Bangui","Adolescent",104518.350593326,157431.834866536,51604.8663201156,3,2,"Macao"
"1251","Bayamoto","M325","F","Bangui","Adolescent",NA,-Inf,-Inf,1,0,"Macao"
"1261","Lango","M326","F","Macao","Adulte",NA,-Inf,-Inf,2,0,"Macao"
"1272","Lango","M327","M","Zingo","Adulte",NA,-Inf,-Inf,0,0,"Macao"
"1282","Lango","M328","M","Zingo","Personne âgée",101694.932137391,794009.033914785,18778.5796982756,26,11,"Macao"
"1292","Lango","M329","M","Macao","Adulte",118411.556825984,118411.556825984,118411.556825984,4,1,"Macao"
"1302","Lango","M330","M","Macao","Adulte",NA,-Inf,-Inf,8,0,"Macao"
"1312","Mbila_MA","M331","M","Bangui","Personne âgée",NA,-Inf,-Inf,2,0,"Macao"
"132","Banga","M332","F","Macao","Adulte",94191.6335303777,94191.6335303777,94191.6335303777,3,1,"Macao"
"1331","Banga","M333","M","Seke","Adulte",206746.064598063,249231.163279127,84658.9978145577,13,3,"Macao"
"1342","Banga","M334","M","Bangui","Adulte",158638.467124509,215486.526093233,84658.9978145577,10,7,"Macao"
"1352","Banga","M335","M","Seke","Adolescent",84658.9978145577,84658.9978145577,84658.9978145577,4,1,"Macao"
"1362","Ndobalikanbo","M336","F","Macao","Adulte",NA,-Inf,-Inf,1,0,"Macao"
"1372","Ndobalikanbo","M337","M","Macao","Adulte",116310.02162302,162743.380978679,16122.9787285725,9,4,"Macao"
"138","Ndobalikanbo","M338","M","Macao","Adulte",62638.1168698498,162743.380978679,16122.9787285725,5,3,"Macao"
"1391","Ndobalikanbo","M339","F","Macao","Adulte",NA,-Inf,-Inf,1,0,"Macao"
"1402","Macao_camp1","M340","M","Thanry","Adulte",161233.488169065,161233.488169065,161233.488169065,5,1,"Macao"
"141","Macao_camp1","M341","F","Nzingou","Adulte",NA,-Inf,-Inf,2,1,"Macao"
"1421","Macao_camp3","M342","F","Bangui","Adulte",NA,-Inf,-Inf,4,0,"Macao"
"1431","Macao_camp3","M343","F","Macao","Adulte",NA,-Inf,-Inf,3,0,"Macao"
"1442","Macao_camp3","M344","M","Bangui","Adulte",117675.271945395,117675.271945395,117675.271945395,6,1,"Macao"
"145","Macao_camp3","M345","M","Macao","Adolescent",NA,-Inf,-Inf,7,0,"Macao"
"1461","Macao_camp5","M346","M","Macao","Personne âgée",NA,-Inf,-Inf,9,0,"Macao"
"147","Macao_camp5","M347","F","Djoube","Personne âgée",NA,-Inf,-Inf,2,0,"Macao"
"148","Macao_camp4","M348","M","","Adulte",NA,-Inf,-Inf,6,1,"Macao"
"1492","Macao_camp6","M349","F","Macao","Adulte",NA,-Inf,-Inf,2,0,"Macao"
"150","Macao_camp1","M350","F","Zingo","Personne âgée",NA,-Inf,-Inf,1,1,"Macao"
"1511","Macao_camp7","M351","F","Macao","Adulte",NA,-Inf,-Inf,3,0,"Macao"
"152","Macao_camp7","M352","M","","Adulte",113004.13908477,255488.194937006,60205.3643829328,15,10,"Macao"
"153","Macao_camp6","M353","F","Pape_village","Adulte",NA,-Inf,-Inf,3,0,"Macao"
"154","Macao_camp8","M354","F","Thanry","Adulte",NA,-Inf,-Inf,3,0,"Macao"
"155","Macao_camp8","M355","M","Pape","Adolescent",NA,-Inf,-Inf,2,0,"Macao"
"1561","Macao_camp2","M356","","","",NA,-Inf,-Inf,0,0,"Macao"
"1571","Macao_camp9","M357","","Macao","Adulte",NA,-Inf,-Inf,3,0,"Macao"
"1582","Macao_camp9","M359","M","Macao","Adulte",68701.5987983404,118300.640981196,19102.5566154844,6,2,"Macao"
"1591","Macao_camp10","M360","F","Macao","Adulte",NA,-Inf,-Inf,2,0,"Macao"
"160","Macao_camp4","M361","F","Macao","Adolescent",NA,-Inf,-Inf,1,0,"Macao"
"161","Pape_village","M362","M","Berandjokou","Adulte",86026.7806383533,86026.7806383533,86026.7806383533,2,1,"Macao"
"162","Macao_camp10","M363","M","Macao","Adulte",NA,-Inf,-Inf,2,0,"Macao"
"1631","Pape_village","M364","F","Pape_village","Adolescent",NA,-Inf,-Inf,3,1,"Macao"
"164","Pape_village","M365","M","Berandjokou","Adolescent",NA,-Inf,-Inf,1,0,"Macao"
"1651","Pape_village","M366","F","Pape_village","Adolescent",NA,-Inf,-Inf,3,0,"Macao"
"1662","Pape_village","M367","M","Bangui-motaba","Personne âgée",128239.775692272,128239.775692272,128239.775692272,14,1,"Macao"
"1671","Pape_village","M368","M","Pape_village","Adulte",NA,-Inf,-Inf,4,0,"Macao"
"1681","Pape_village","M369","F","","Adolescent",NA,-Inf,-Inf,3,0,"Macao"
"1691","Pape_village","M370","F","","Adulte",46777.5163593986,46777.5163593986,46777.5163593986,3,1,"Macao"
"170","Pape_village","M370","F","Bangui","Personne âgée",46777.5163593986,46777.5163593986,46777.5163593986,3,2,"Macao"
"1711","Pape_village","M372","M","Pape_village","Personne âgée",129440.335290371,145979.731803506,96704.9518099453,9,4,"Macao"
"1721","Bayamoto","M400","F","Bangui","",NA,-Inf,-Inf,0,0,"Macao"
"1731","Bete2","M375","","Bangui","Adolescent",NA,-Inf,-Inf,2,0,"Macao"
"174","Bete1","M374","M","Bangui","Adulte",23848.8159594874,46182.5040756221,1515.12784335266,3,2,"Macao"
"175","Bylikombo1","MI205","M","Mossombo","Adulte",88474.9607795622,101077.368882392,75872.5526767324,8,2,"Minganga"
"225","Bylikombo1","MI206","F","Mossombo","Adulte",NA,-Inf,-Inf,5,0,"Minganga"
"315","Bylikombo1","MI209","F","Mossombo","Adulte",NA,-Inf,-Inf,6,0,"Minganga"
"422","Bylikombo1","MI211","F","Mossombo","Adulte",1037.58379207382,1037.58379207382,1037.58379207382,6,1,"Minganga"
"512","Bylikombo1","MI212","M","Mossombo","Adolescent",101077.368882392,101077.368882392,101077.368882392,8,1,"Minganga"
"612","Bylikombo2","MI210","F","Mossombo","Personne âgée",NA,-Inf,-Inf,5,0,"Minganga"
"714","Bouma","MI154","M","Minganga","Adulte",NA,-Inf,-Inf,5,0,"Minganga"
"813","Bouma","MI155","F","Minganga","Adulte",27984.5061024109,27984.5061024109,27984.5061024109,6,1,"Minganga"
"1313","Bouma","MI160","M","Mossombo","Adulte",86128.8515986994,155690.072611605,27984.5061024109,11,3,"Minganga"
"1411","Bouma","MI161","F","Impfondo","Adulte",27984.5061024109,27984.5061024109,27984.5061024109,7,1,"Minganga"
"1510","Bouma","MI162","F","Mossombo","Personne âgée",27984.5061024109,27984.5061024109,27984.5061024109,10,1,"Minganga"
"2010","Bouma","MI178","F","Mossombo","Adolescent",NA,-Inf,-Inf,4,0,"Minganga"
"2111","Bouma","MI179","F","Mossombo","Adolescent",NA,-Inf,-Inf,6,0,"Minganga"
"228","Bouma","MI180","F","Mossombo","Adulte",NA,-Inf,-Inf,6,0,"Minganga"
"235","Bouma","MI181","M","Mossombo","Adulte",86128.8515986994,86128.8515986994,86128.8515986994,8,1,"Minganga"
"252","Bylikombo1","MI207","M","Mossombo","Adulte",56819.200809908,99015.8056074964,14622.5960123195,9,2,"Minganga"
"261","Bylikombo1","MI208","F","Mossombo","Personne âgée",NA,-Inf,-Inf,6,0,"Minganga"
"354","Bylikombo2","MI216","M","Mobangui","Adulte",86846.9964712388,98639.454792017,75054.5381504606,11,2,"Minganga"
"405","Bylikombo2","MI226","F","Mossombo","Adulte",15503.8883848124,15503.8883848124,15503.8883848124,9,1,"Minganga"
"4110","Essesse","MI187","M","Mbili","Adulte",111713.750372596,137465.350036939,85962.1507082522,8,2,"Minganga"
"423","Essesse","MI188","F","Mossombo","Adulte",28173.8878017831,28173.8878017831,28173.8878017831,4,1,"Minganga"
"432","Essesse","MI189","F","Mossombo","Adolescent",NA,-Inf,-Inf,6,0,"Minganga"
"462","Essesse","MI192","F","Toukoulaka","Adolescent",28173.8878017831,28173.8878017831,28173.8878017831,4,1,"Minganga"
"472","Essesse","MI193","F","Mossombo","Personne âgée",NA,-Inf,-Inf,0,0,"Minganga"
"48","Essesse","MI195","M","Mbili","Adulte",61288.2741304611,61288.2741304611,61288.2741304611,5,1,"Minganga"
"491","Essesse","MI196","F","Mbili","Adolescent",37056.2834914006,61288.2741304611,28173.8878017831,6,3,"Minganga"
"502","Essesse","MI197","F","Mbili","Adulte",NA,-Inf,-Inf,10,0,"Minganga"
"513","Essesse","MI198","F","Mbili","Adulte",NA,-Inf,-Inf,9,0,"Minganga"
"552","Essesse","MI227","","","",NA,-Inf,-Inf,0,0,"Minganga"
"563","Mbaya","MI202","F","","Adolescent",NA,-Inf,-Inf,5,0,"Minganga"
"57","Mbaya","MI203","M","","Adolescent",69643.1004311899,69643.1004311899,69643.1004311899,5,1,"Minganga"
"582","Mbila","MI167","F","Mbili","Personne âgée",NA,-Inf,-Inf,6,0,"Minganga"
"593","Mbila","MI168","M","Mossombo","Adulte",36694.1180608076,91908.4937194605,27946.1628586738,7,3,"Minganga"
"602","Mbila","MI169","F","Mbili","Adulte",NA,-Inf,-Inf,5,0,"Minganga"
"661","Mbila","MI175","M","Minganga","Adulte",36841.5597820256,36841.5597820256,36841.5597820256,13,1,"Minganga"
"671","Mbila","MI176","F","Mossombo","Adulte",NA,-Inf,-Inf,6,0,"Minganga"
"681","Mbila","MI177","M","Mossombo","Adulte",NA,-Inf,-Inf,7,0,"Minganga"
"691","Misseké_MI","MI145","M","Attention","Adulte",NA,-Inf,-Inf,5,0,"Minganga"
"701","Misseké_MI","MI146","F","Attention","Adulte",17117.8989489782,17117.8989489782,17117.8989489782,3,1,"Minganga"
"732","Misseké_MI","MI149","M","Ikelemba","Personne âgée",NA,-Inf,-Inf,6,0,"Minganga"
"741","Misseké_MI","MI150","M","Attention","Adulte",23633.8134814937,73423.0076580283,22849.662017912,5,3,"Minganga"
"752","Misseké_MI","MI151","F","Attention","Adulte",73423.0076580283,73423.0076580283,73423.0076580283,5,1,"Minganga"
"782","Mongo","MI134","M","Minganga","Adulte",NA,-Inf,-Inf,6,0,"Minganga"
"802","Mongo","MI136","F","Mossombo","Adulte",NA,-Inf,-Inf,5,0,"Minganga"
"814","Mongo","MI137","F","Mossombo","Personne âgée",NA,-Inf,-Inf,5,0,"Minganga"
"822","Mongo","MI138","M","Mbili","Adulte",NA,-Inf,-Inf,6,0,"Minganga"
"872","Mongo","MI143","M","Mossombo","Adulte",75418.3640866476,75418.3640866476,75418.3640866476,6,1,"Minganga"
"883","Mossombo","MI144","M","Mossombo","Adulte",80668.5832116848,118722.969081108,8565.79159249428,7,3,"Minganga"
"892","Ngata","MI182","F","Mbili","",NA,-Inf,-Inf,0,0,"Minganga"
"902","Ngata","MI183","F","Mbili","Personne âgée",32342.2960622868,36793.045491175,27891.5466333987,6,2,"Minganga"
"913","Ngata","MI184","M","Ikelemba","Adulte",NA,-Inf,-Inf,0,0,"Minganga"
"921","Ngata","MI185","M","Mbili","Adolescent",NA,-Inf,-Inf,10,0,"Minganga"
"229","Makossa1","MI10","M","Minganga","Adulte",93185.9217338071,93185.9217338071,93185.9217338071,23,1,"Minganga"
"815","VMA","MI105","F","Mbili","Personne âgée",NA,-Inf,-Inf,5,0,"Minganga"
"914","VMA","MI106","F","Mossombo","Adulte",NA,-Inf,-Inf,19,0,"Minganga"
"1012","Bokéya1","MI107","M","Attention","Adolescent",NA,-Inf,-Inf,16,0,"Minganga"
"1212","Bokéya1","MI109","M","Attention","Adulte",77553.7986320028,77553.7986320028,77553.7986320028,19,1,"Minganga"
"1314","Makossa3","MI11","F","Mossombo","Personne âgée",35122.9771189301,63316.2681569639,35003.8117668715,16,3,"Minganga"
"1412","Bokéya1","MI110","F","Toukoulaka","Adulte",NA,-Inf,-Inf,18,0,"Minganga"
"1710","Bokéya1","MI113","M","Attention","Adulte",77553.7986320028,77553.7986320028,77553.7986320028,19,1,"Minganga"
"182","Moundouala1","MI114","M","","Adulte",79973.4540143441,79973.4540143441,79973.4540143441,19,1,"Minganga"
"199","Bokéya1","MI115","F","Bène","Adulte",48300.8295878823,77553.7986320028,19047.8605437617,19,2,"Minganga"
"2011","Bokéya1","MI116","F","Minganga","Adulte",15257.6004210621,19047.8605437617,11467.3402983625,18,2,"Minganga"
"2112","Moundouala1","MI117","F","Toukoulaka","Adulte",NA,-Inf,-Inf,18,0,"Minganga"
"2410","Makossa3","MI12","F","Mossombo","Personne âgée",NA,-Inf,-Inf,19,0,"Minganga"
"2711","Ndémiko","MI122","F","Toukoulaka","Adulte",76513.4345967005,76513.4345967005,76513.4345967005,19,1,"Minganga"
"281","Ndémiko","MI123","M","Minganga","Adulte",91881.5500395688,107249.665482437,76513.4345967005,27,2,"Minganga"
"30","Ndémiko","MI125","M","Attention","Adulte",76513.4345967005,76513.4345967005,76513.4345967005,19,1,"Minganga"
"316","Ndémiko","MI126","M","Attention","Adolescent",NA,-Inf,-Inf,19,0,"Minganga"
"322","Epopé","MI127","M","Attention","Adulte",9175.1061717803,9175.1061717803,9175.1061717803,20,1,"Minganga"
"332","Ndémiko","MI128","F","Attention","Adulte",20488.4030588227,20488.4030588227,20488.4030588227,19,1,"Minganga"
"341","Ndémiko","MI129","F","Bène","Adulte",20488.4030588227,20488.4030588227,20488.4030588227,18,1,"Minganga"
"355","Makossa1","MI13","F","Minganga","Adulte",25820.384022718,25820.384022718,25820.384022718,12,1,"Minganga"
"394","Epopé","MI133","F","Minganga","Adulte",70603.4041551772,117723.597944281,17093.5528414319,22,4,"Minganga"
"4111","Mbaya","MI15","F","Mbili","Adolescent",NA,-Inf,-Inf,13,0,"Minganga"
"433","Mbaya","MI17","M","Mossombo","Personne âgée",130523.234934167,130523.234934167,130523.234934167,27,1,"Minganga"
"443","Mbaya","MI18","F","Mbili","Adulte",NA,-Inf,-Inf,19,0,"Minganga"
"451","VMA","MI19","M","Minganga","Adolescent",NA,-Inf,-Inf,18,0,"Minganga"
"473","Mbaya","MI20","F","Mbaya","Adolescent",NA,-Inf,-Inf,11,0,"Minganga"
"481","Mbaya","MI21","F","Mossombo","Personne âgée",NA,-Inf,-Inf,17,0,"Minganga"
"492","Mbaya","MI22","M","Minganga","Adulte",69643.1004311899,69643.1004311899,69643.1004311899,20,1,"Minganga"
"522","VMA","MI25","M","Minganga","Personne âgée",3173.7113423696,3173.7113423696,3173.7113423696,14,1,"Minganga"
"532","VMA","MI26","F","Minganga","Personne âgée",11823.4947689813,11823.4947689813,11823.4947689813,12,1,"Minganga"
"542","Bylikombo2","MI27","F","Minganga","Adolescent",NA,-Inf,-Inf,0,0,"Minganga"
"553","Bylikombo2","MI28","F","Minganga","Personne âgée",NA,-Inf,-Inf,14,0,"Minganga"
"564","Bylikombo2","MI29","M","Minganga","Adulte",20197.9469006592,159924.973080225,1217.94156755871,14,4,"Minganga"
"571","Makossa3","MI3","F","","Adolescent",NA,-Inf,-Inf,0,0,"Minganga"
"583","Avocat","MI30","M","Toukoulaka","Adolescent",44464.7289338454,76662.1754748735,12267.2823928173,21,2,"Minganga"
"594","Epopé","MI31","F","Toukoulaka","Personne âgée",17093.5528414319,17093.5528414319,17093.5528414319,19,1,"Minganga"
"603","Avocat","MI32","M","Attention","Adolescent",12267.2823928173,12267.2823928173,12267.2823928173,6,1,"Minganga"
"613","Avocat","MI34","M","Toukoulaka","Adolescent",44464.7289338454,76662.1754748735,12267.2823928173,22,3,"Minganga"
"653","Avocat","MI38","F","Attention","Adulte",NA,-Inf,-Inf,21,0,"Minganga"
"662","Avocat","MI39","M","Attention","Adulte",NA,-Inf,-Inf,21,0,"Minganga"
"692","Avocat","MI41","M","Minganga","Personne âgée",89778.4481365003,106252.574250487,12267.2823928173,25,4,"Minganga"
"702","Avocat","MI42","F","Attention","Adolescent",NA,-Inf,-Inf,0,0,"Minganga"
"715","Avocat","MI43","F","Attention","Adulte",NA,-Inf,-Inf,19,0,"Minganga"
"721","Avocat","MI44","F","Bène","Personne âgée",20008.4231646689,20008.4231646689,20008.4231646689,21,1,"Minganga"
"733","Avocat","MI45","M","Attention","Adulte",20008.4231646689,20008.4231646689,20008.4231646689,21,1,"Minganga"
"753","Moundouala2","MI47","M","Attention","Adolescent",44514.4759785791,79812.5821226271,9216.36983453115,21,2,"Minganga"
"762","Moundouala2","MI48","F","Attention","Adolescent",9216.36983453115,9216.36983453115,9216.36983453115,19,1,"Minganga"
"773","Moundouala2","MI49","F","Attention","Adolescent",NA,-Inf,-Inf,1,0,"Minganga"
"793","Moundouala2","MI50","M","Attention","Adulte",94813.4369260028,109814.291729378,79812.5821226271,19,2,"Minganga"
"823","Moundouala2","MI53","F","","Adulte",109814.291729378,109814.291729378,109814.291729378,23,1,"Minganga"
"843","Bokéya2","MI55","M","Attention","Adulte",77213.3260877065,77213.3260877065,77213.3260877065,21,1,"Minganga"
"862","Bokéya2","MI57","F","Minganga","Personne âgée",NA,-Inf,-Inf,17,0,"Minganga"
"873","Bokéya2","MI58","M","","Personne âgée",48482.4588072914,77213.3260877065,19751.5915268764,13,2,"Minganga"
"893","Makossa3","MI6","F","Mbili","Adulte",NA,-Inf,-Inf,14,0,"Minganga"
"922","Bokéya2","MI62","F","Attention","Adulte",NA,-Inf,-Inf,21,0,"Minganga"
"932","Epopé","MI63","M","Attention","Adulte",NA,-Inf,-Inf,19,0,"Minganga"
"971","Epopé","MI67","F","Toukoulaka","Adulte",NA,-Inf,-Inf,23,0,"Minganga"
"981","Makossa2","MI68","F","Minganga","Adulte",2226.74474036455,2226.74474036455,2226.74474036455,14,1,"Minganga"
"1003","Makossa3","MI7","M","Mossombo","Personne âgée",26187.7318112722,35122.9771189301,1831.5821899513,14,3,"Minganga"
"1013","Makossa2","MI70","M","Mbili","Adulte",34751.1026742071,34751.1026742071,34751.1026742071,19,1,"Minganga"
"1022","Makossa2","MI71","F","Mbili","Adulte",2226.74474036455,2226.74474036455,2226.74474036455,19,1,"Minganga"
"1071","Makossa3","MI76","M","Mossombo","Adulte",63316.2681569639,63316.2681569639,63316.2681569639,13,1,"Minganga"
"1083","Makossa3","MI77","F","Mbili","Adulte",63316.2681569639,63316.2681569639,63316.2681569639,13,1,"Minganga"
"1091","Makossa3","MI78","F","Mossombo","Adulte",78214.5907798726,93112.9134027813,63316.2681569639,13,2,"Minganga"
"1111","Makossa3","MI8","F","Mossombo","Adulte",NA,-Inf,-Inf,10,0,"Minganga"
"1131","Makossa3","MI81","M","Mossombo","Adolescent",NA,-Inf,-Inf,12,0,"Minganga"
"1183","Mbaya","MI86","F","","Adulte",20470.5867014215,20470.5867014215,20470.5867014215,16,1,"Minganga"
"1202","Mbaya","MI88","M","Minganga","Adulte",69643.1004311899,69643.1004311899,69643.1004311899,21,1,"Minganga"
"1233","Mbaya","MI90","M","Mossombo","Adulte",29693.5014605877,29781.789239708,20470.5867014215,12,3,"Minganga"
"1252","Mbaya","MI92","F","Minganga","Adulte",69643.1004311899,69643.1004311899,69643.1004311899,18,1,"Minganga"
"1293","Bylikombo2","MI96","M","Minganga","Adulte",38136.2398590097,75054.5381504606,1217.94156755871,18,2,"Minganga"
"1315","VMA","MI98","M","Attention","Adulte",93870.6708104937,103668.497582964,21239.8847915227,24,3,"Minganga"
"1321","Bylikombo2","MI99","F","Minganga","Adulte",86846.9964712388,98639.454792017,75054.5381504606,12,2,"Minganga"
"514","Lokoko1","E102","F","Enyelle","Adulte",37427.4903394973,37427.4903394973,37427.4903394973,5,1,"Enyelle"
"716","Sobé","E104","M","Enyelle","Adulte",73784.9070904009,81952.0286629164,65617.7855178854,8,2,"Enyelle"
"816","Sobé","E105","F","Enyelle","Adulte",NA,-Inf,-Inf,7,1,"Enyelle"
"915","Sobé","E106","F","Enyelle","Adolescent",NA,-Inf,-Inf,4,0,"Enyelle"
"1014","Molapa_EN","E107","M","Enyelle","Adulte",NA,-Inf,-Inf,3,0,"Enyelle"
"1110","Molapa_EN","E108","F","Enyelle","Adulte",NA,-Inf,-Inf,6,0,"Enyelle"
"1316","Likeko","E11","M","","Adulte",37277.4430192513,60952.0856720275,13602.8003664751,7,2,"Enyelle"
"1413","Molapa_EN","E110","M","Enyelle","Adolescent",78919.3568885526,126370.931459061,31467.7823180439,8,2,"Enyelle"
"1512","Molapa_EN","E111","M","Enyelle","Adulte",68506.5314831861,72278.8427024988,64734.2202638734,10,2,"Enyelle"
"188","Kombo2","E114","M","Dongou","Adulte",250629.173455826,840171.355777764,69840.2426350524,28,3,"Enyelle"
"1910","Kombo2","E115","F","Enyelle","Adolescent",35511.8900596894,39271.8686010244,31751.9115183544,15,2,"Enyelle"
"262","Kombo2","E121","F","Enyelle","Adulte",NA,-Inf,-Inf,10,1,"Enyelle"
"284","Kombo2","E123","F","Enyelle","Adolescent",7089.40877028868,7089.40877028868,7089.40877028868,7,1,"Enyelle"
"293","Kombo2","E124","F","Enyelle","Personne âgée",31751.9115183544,31751.9115183544,31751.9115183544,8,1,"Enyelle"
"302","Kombo2","E125","F","Enyelle","Adolescent",NA,-Inf,-Inf,5,0,"Enyelle"
"324","Kombo2","E127","F","Enyelle","Adolescent",NA,-Inf,-Inf,14,0,"Enyelle"
"342","Bopongo","E129","M","Boyelé","Adulte",68477.1147491677,128616.80901772,14843.8214571404,16,5,"Enyelle"
"359","Essembo3","E13","M","Bétou","Adulte",36562.4147090272,36562.4147090272,36562.4147090272,9,1,"Enyelle"
"363","Bopongo","E130","M","Enyelle","Adulte",105249.512024472,275062.494310993,74580.3305486522,18,4,"Enyelle"
"383","Bopongo","E132","M","Boyelé","Adulte",81882.2150312243,128616.80901772,42169.0688285627,13,5,"Enyelle"
"406","Bopongo","E134","F","Enyelle","Adulte",NA,-Inf,-Inf,3,0,"Enyelle"
"434","Bopongo","E137","M","Enyelle","Adulte",128616.80901772,128616.80901772,128616.80901772,16,1,"Enyelle"
"482","Bopongo","E141","F","Enyelle","Adulte",6708.88196601732,6708.88196601732,6708.88196601732,5,1,"Enyelle"
"493","Bopongo","E142","F","Enyelle","Adulte",14843.8214571404,14843.8214571404,14843.8214571404,10,1,"Enyelle"
"503","Bopongo","E143","F","Enyelle","Adulte",NA,-Inf,-Inf,4,0,"Enyelle"
"523","Bopongo","E145","M","Enyelle","Adulte",105249.512024472,128616.80901772,81882.2150312243,5,2,"Enyelle"
"543","Coconacoco1","E147","F","Bongoye","Adulte",NA,-Inf,-Inf,8,0,"Enyelle"
"554","Coconacoco1","E148","M","Enyelle","Adulte",NA,-Inf,-Inf,4,0,"Enyelle"
"595","Coconacoco1","E151","M","Enyelle","Adolescent",NA,-Inf,-Inf,5,0,"Enyelle"
"604","Coconacoco1","E152","F","Enyelle","Adulte",NA,-Inf,-Inf,7,0,"Enyelle"
"614","Coconacoco1","E153","M","Enyelle","Adulte",13984.8613850432,13984.8613850432,13984.8613850432,7,2,"Enyelle"
"643","Coconacoco1","E156","F","Enyelle","Adulte",77556.0684418561,108170.384045428,53266.426700519,6,4,"Enyelle"
"663","Coconacoco1","E158","F","Enyelle","Adulte",81208.4510824006,81208.4510824006,81208.4510824006,10,3,"Enyelle"
"703","Coconacoco1","E161","F","Bongoye","Adolescent",NA,-Inf,-Inf,3,0,"Enyelle"
"717","Coconacoco1","E162","F","Enyelle","Personne âgée",53056.5952162454,127962.015700203,24242.0491909355,13,4,"Enyelle"
"734","Coconacoco1","E164","M","Mimbelli","Adulte",112379.664722652,112379.664722652,112379.664722652,7,1,"Enyelle"
"742","Coconacoco1","E165","M","Coconacoco1","FALSE",NA,-Inf,-Inf,0,0,"Enyelle"
"763","Kombo1","E167","F","Kombo3","Personne âgée",NA,-Inf,-Inf,3,0,"Enyelle"
"817","Kombo1","E171","F","Enyelle","Adulte",NA,-Inf,-Inf,2,0,"Enyelle"
"831","Kombo3","E173","M","Kombo3","Adulte",NA,-Inf,-Inf,5,0,"Enyelle"
"852","Kombo1","E175","F","Enyelle","Personne âgée",NA,-Inf,-Inf,2,0,"Enyelle"
"863","Coconacoco1","E176","M","Coconacoco1","Adulte",81208.4510824006,127962.015700203,80486.8777610219,12,4,"Enyelle"
"874","Kombo3","E177","F","Enyelle","Adulte",NA,-Inf,-Inf,6,0,"Enyelle"
"884","Kombo3","E178","F","Molapa_EN","Adulte",NA,-Inf,-Inf,2,0,"Enyelle"
"903","Essembo4","E18","F","Enyelle","Personne âgée",NA,-Inf,-Inf,12,1,"Enyelle"
"916","Kombo3","E180","F","Enyelle","Adulte",NA,-Inf,-Inf,3,0,"Enyelle"
"933","Kombo2","E182","F","Enyelle","Adulte",NA,-Inf,-Inf,5,0,"Enyelle"
"952","Kombo2","E184","M","Enyelle","Adulte",NA,-Inf,-Inf,5,0,"Enyelle"
"962","Kombo2","E185","F","Enyelle","Adulte",NA,-Inf,-Inf,3,0,"Enyelle"
"972","Kombo2","E186","F","Kombo1","Adulte",80952.4794161211,80952.4794161211,80952.4794161211,6,1,"Enyelle"
"1015","Essembo3","E19","F","Bétou","Personne âgée",NA,-Inf,-Inf,5,0,"Enyelle"
"1033","Bopongo","E191","F","Mimbelli","Adulte",NA,-Inf,-Inf,3,0,"Enyelle"
"1053","Bopongo","E193","F","Mimbelli","Adulte",NA,-Inf,-Inf,3,0,"Enyelle"
"1062","Bopongo","E194","F","Mimbelli","Adulte",NA,-Inf,-Inf,3,0,"Enyelle"
"1072","Bopongo","E195","F","Mimbelli","Adulte",NA,-Inf,-Inf,3,0,"Enyelle"
"1084","Bopongo","E196","F","Mimbelli","Adulte",NA,-Inf,-Inf,7,0,"Enyelle"
"1092","Bopongo","E197","F","Bissambi","Adulte",250156.828172004,250156.828172004,250156.828172004,10,1,"Enyelle"
"1112","Bopongo","E199","M","Djoubé","Adulte",NA,-Inf,-Inf,2,0,"Enyelle"
"1122","Lokoko6","E2","F","Enyelle","Personne âgée",4450.69474488852,4450.69474488852,4450.69474488852,15,1,"Enyelle"
"1132","Essembo3","E20","F","Bétou","Adulte",13244.7800260204,13244.7800260204,13244.7800260204,5,1,"Enyelle"
"1142","Bopongo","E200","F","Mimbelli","Adulte",6708.88196601732,6708.88196601732,6708.88196601732,4,1,"Enyelle"
"1152","Bopongo","E201","F","Bissambi","Personne âgée",NA,-Inf,-Inf,6,0,"Enyelle"
"1161","Bopongo","E202","M","Mimbelli","Personne âgée",461604.066167477,841325.91730373,81882.2150312243,5,2,"Enyelle"
"1172","Bopongo","E203","F","","Personne âgée",NA,-Inf,-Inf,2,0,"Enyelle"
"1192","Bopongo","E205","M","Midjoukou","Personne âgée",81882.2150312243,128616.80901772,58543.9197384673,9,3,"Enyelle"
"1203","Bopongo","E206","F","Mimbelli","Adulte",NA,-Inf,-Inf,4,0,"Enyelle"
"1222","Bopongo","E208","M","Coconacoco2","FALSE",NA,-Inf,-Inf,0,0,"Enyelle"
"1253","Bopongo","E210","F","Mimbelli","Adulte",NA,-Inf,-Inf,2,0,"Enyelle"
"1262","Bopongo","E211","F","Mimbelli","Personne âgée",NA,-Inf,-Inf,4,0,"Enyelle"
"1273","Coconacoco1","E212","F","Enyelle","Personne âgée",NA,-Inf,-Inf,3,0,"Enyelle"
"1303","Coconacoco1","E215","F","Enyelle","Personne âgée",NA,-Inf,-Inf,5,0,"Enyelle"
"1322","Coconacoco1","E217","F","Bongoye","Personne âgée",NA,-Inf,-Inf,3,0,"Enyelle"
"1332","Coconacoco1","E218","F","Coconacoco1","Adulte",NA,-Inf,-Inf,1,0,"Enyelle"
"1353","Essembo4","E22","M","Enyelle","Adulte",NA,-Inf,-Inf,7,0,"Enyelle"
"1363","Coconacoco1","E220","F","Enyelle","Adulte",6652.88690832192,6652.88690832192,6652.88690832192,3,1,"Enyelle"
"1373","Coconacoco1","E221","M","Dongou","Adulte",840993.687050383,840993.687050383,840993.687050383,7,1,"Enyelle"
"1392","Coconacoco1","E223","F","Coconacoco1","Adulte",6652.88690832192,6652.88690832192,6652.88690832192,2,1,"Enyelle"
"1414","Coconacoco1","E225","M","Coconacoco1","Adulte",NA,-Inf,-Inf,4,0,"Enyelle"
"1481","Coconacoco1","E231","M","Enyelle","Personne âgée",469340.77505631,857473.099030219,81208.4510824006,6,2,"Enyelle"
"1521","Coconacoco1","E235","M","Enyelle","Adulte",NA,-Inf,-Inf,5,0,"Enyelle"
"1531","Coconacoco1","E236","F","Enyelle","Adulte",NA,-Inf,-Inf,3,0,"Enyelle"
"1541","Coconacoco1","E237","F","Coconacoco1","Adulte",6652.88690832192,6652.88690832192,6652.88690832192,2,1,"Enyelle"
"1551","Coconacoco1","E238","F","Enyelle","Personne âgée",NA,-Inf,-Inf,3,0,"Enyelle"
"1562","Coconacoco1","E239","M","Kombo1","Adulte",6652.88690832192,6652.88690832192,6652.88690832192,2,1,"Enyelle"
"1583","Coconacoco2","E240","F","Mimbelli","Adulte",NA,-Inf,-Inf,4,0,"Enyelle"
"1592","Coconacoco2","E241","F","Coconacoco2","Personne âgée",7091.28187354173,7091.28187354173,7091.28187354173,2,1,"Enyelle"
"1601","Coconacoco2","E242","F","Mimbelli","Adulte",NA,-Inf,-Inf,2,0,"Enyelle"
"1611","Coconacoco2","E243","M","Enyelle","Adulte",NA,-Inf,-Inf,2,0,"Enyelle"
"1632","Coconacoco2","E246","M","Mimbelli","Adulte",145628.461418763,302295.468865634,44564.7007626967,13,7,"Enyelle"
"1641","Coconacoco2","E248","F","Bongoye","Personne âgée",NA,-Inf,-Inf,7,0,"Enyelle"
"1663","Ngouanguébé","E25","M","Enyelle","Adulte",12425.4029877941,12462.9599598933,12387.8460156948,9,2,"Enyelle"
"1692","Coconacoco2","E252","F","Enyelle","Adulte",NA,-Inf,-Inf,2,0,"Enyelle"
"1712","Coconacoco2","E254","F","Mimbelli","Adulte",NA,-Inf,-Inf,3,0,"Enyelle"
"1722","Coconacoco2","E255","M","Mimbelli","Adulte",81029.9133483854,81029.9133483854,81029.9133483854,5,1,"Enyelle"
"1771","Essembo5","E26","M","Enyelle","Adulte",NA,-Inf,-Inf,8,0,"Enyelle"
"179","Coconacoco2","E261","F","Enyelle","Adulte",NA,-Inf,-Inf,4,0,"Enyelle"
"1801","Coconacoco2","E262","M","Mimbelli","Adulte",53065.970043412,53065.970043412,53065.970043412,5,1,"Enyelle"
"184","Coconacoco2","E266","F","Enyelle","Adulte",33475.606540725,33475.606540725,33475.606540725,6,1,"Enyelle"
"1861","Coconacoco2","E268","F","","Personne âgée",NA,-Inf,-Inf,2,0,"Enyelle"
"187","Coconacoco2","E269","M","Mimbelli","Personne âgée",NA,-Inf,-Inf,1,0,"Enyelle"
"189","Kombo3","E270","F","Kombo3","Adulte",NA,-Inf,-Inf,2,0,"Enyelle"
"190","Coconacoco2","E271","M","Mimbelli","Adulte",NA,-Inf,-Inf,5,0,"Enyelle"
"191","Coconacoco2","E272","F","Mimputu","Adulte",NA,-Inf,-Inf,3,0,"Enyelle"
"195","Coconacoco2","E276","F","","Adulte",NA,-Inf,-Inf,7,0,"Enyelle"
"196","Coconacoco2","E277","F","Enyelle","Adulte",NA,-Inf,-Inf,2,0,"Enyelle"
"198","Coconacoco2","E279","M","Mimbelli","Adulte",73727.1940624267,73727.1940624267,73727.1940624267,4,1,"Enyelle"
"200","Essembo5","E29","F","Enyelle","Adulte",114031.496645078,137357.536142891,90705.457147266,12,2,"Enyelle"
"2021","Essembo5","E31","M","Enyelle","Personne âgée",197067.880247726,256778.224352562,137357.536142891,10,2,"Enyelle"
"203","Essembo1","E32","M","Essembo1","Adulte",13380.3346973944,13380.3346973944,13380.3346973944,7,1,"Enyelle"
"2051","Essembo1","E34","F","Enyelle","Personne âgée",NA,-Inf,-Inf,5,0,"Enyelle"
"206","Essembo1","E35","M","Enyelle","Adolescent",141729.03345204,270077.732206686,13380.3346973944,6,2,"Enyelle"
"207","Essembo1","E36","F","Enyelle","Adolescent",NA,-Inf,-Inf,3,0,"Enyelle"
"2081","Essembo1","E37","F","Enyelle","Personne âgée",13380.3346973944,13380.3346973944,13380.3346973944,9,1,"Enyelle"
"210","Misseké","E39","F","Mokinda","Adulte",9716.33069989258,9716.33069989258,9716.33069989258,4,1,"Enyelle"
"212","Misseké","E40","F","Sambo","Personne âgée",NA,-Inf,-Inf,5,0,"Enyelle"
"213","Misseké","E41","F","Essembo","Adulte",9716.33069989258,9716.33069989258,9716.33069989258,5,1,"Enyelle"
"214","Misseké","E42","F","Lokoko","Adolescent",NA,-Inf,-Inf,3,0,"Enyelle"
"2161","Misseké","E44","F","Enyelle","Adulte",33690.2187778622,33690.2187778622,33690.2187778622,16,1,"Enyelle"
"217","Mossomé","E45","M","Bétou","Adulte",7001.53454423299,7001.53454423299,7001.53454423299,15,1,"Enyelle"
"219","Mossomé","E47","F","Enyelle","Adulte",19541.7064957072,32081.8784471813,7001.53454423299,20,2,"Enyelle"
"220","Mossomé","E48","F","","Adulte",7001.53454423299,7001.53454423299,7001.53454423299,24,1,"Enyelle"
"222","Likeko","E5","F","Enyelle","Personne âgée",13602.8003664751,13602.8003664751,13602.8003664751,3,1,"Enyelle"
"223","Mossomé","E50","F","Landza","Adulte",12331.2572009051,32081.8784471813,7001.53454423299,25,3,"Enyelle"
"224","Lokoko6","E51","F","Bétou","Adulte",4450.69474488852,4450.69474488852,4450.69474488852,15,1,"Enyelle"
"226","Lokoko4","E53","M","Enyelle","Adulte",4347.54775612813,4347.54775612813,4347.54775612813,28,2,"Enyelle"
"2271","Lokoko4","E54","F","Mokinda","Personne âgée",8944.25693712427,13540.9661181204,4347.54775612813,21,2,"Enyelle"
"2311","Lokoko2","E58","M","Bétou","Adulte",35309.5206499062,35309.5206499062,35309.5206499062,18,1,"Enyelle"
"232","Lokoko4","E59","F","Enyelle","Adulte",4347.54775612813,4347.54775612813,4347.54775612813,20,1,"Enyelle"
"234","Lokoko4","E60","F","Enyelle","Adolescent",4347.54775612813,4347.54775612813,4347.54775612813,18,1,"Enyelle"
"2361","Mossomé","E62","F","Enyelle","Adulte",NA,-Inf,-Inf,6,0,"Enyelle"
"2371","Lokoko6","E63","M","Enyelle","Personne âgée",NA,-Inf,-Inf,11,0,"Enyelle"
"2381","Mossomé","E64","M","Enyelle","Adulte",250463.993267774,250463.993267774,250463.993267774,9,1,"Enyelle"
"239","Lokoko2","E65","F","Enyelle","Personne âgée",NA,-Inf,-Inf,14,0,"Enyelle"
"2421","Lokoko2","E68","F","Enyelle","Adulte",4233.33634140066,4233.33634140066,4233.33634140066,11,1,"Enyelle"
"245","Lokoko6","E70","F","Lokoko6","Adulte",4450.69474488852,4450.69474488852,4450.69474488852,1,1,"Enyelle"
"246","Lokoko6","E71","F","Enyelle","Personne âgée",NA,-Inf,-Inf,6,0,"Enyelle"
"247","Lokoko6","E72","M","Essembo","Adolescent",4450.69474488852,4450.69474488852,4450.69474488852,11,1,"Enyelle"
"248","Lokoko1","E73","M","Bétou","Adulte",NA,-Inf,-Inf,11,0,"Enyelle"
"2511","Lokoko1","E76","F","Enyelle","Adulte",NA,-Inf,-Inf,12,0,"Enyelle"
"2531","Lokoko1","E78","M","Bétou","Adulte",124486.67521441,134228.206462348,114745.143966473,13,2,"Enyelle"
"255","Likeko","E8","F","Enyelle","Adulte",13602.8003664751,13602.8003664751,13602.8003664751,2,1,"Enyelle"
"256","Lokoko4","E80","F","Lokoko4","Adulte",NA,-Inf,-Inf,10,0,"Enyelle"
"2571","Lokoko4","E81","M","Lokoko4","Adulte",NA,-Inf,-Inf,5,0,"Enyelle"
"2581","Lokoko4","E82","M","Lokoko4","Adulte",NA,-Inf,-Inf,4,0,"Enyelle"
"2591","Lokoko2","E83","F","Lokoko2","Adulte",NA,-Inf,-Inf,9,0,"Enyelle"
"260","Lokoko1","E84","F","Enyelle","Adulte",NA,-Inf,-Inf,14,0,"Enyelle"
"266","Likeko","E9","F","Essembo","Adulte",13602.8003664751,13602.8003664751,13602.8003664751,5,1,"Enyelle"
"269","Lokoko4","E92","F","Lokoko4","Adulte",4347.54775612813,4347.54775612813,4347.54775612813,5,1,"Enyelle"
"271","Lokoko1","E94","M","Enyelle","Adulte",470252.673156705,849647.153430404,90858.1928830056,29,2,"Enyelle"
"2731","Lokoko1","E96","F","Bangui_CAR","Personne âgée",NA,-Inf,-Inf,4,0,"Enyelle"
"2741","Lokoko1","E97","F","Bétou","Adulte",3019.91995986196,3019.91995986196,3019.91995986196,6,1,"Enyelle"
"2751","Lokoko1","E98","F","Bissambi","Adulte",3019.91995986196,3019.91995986196,3019.91995986196,2,1,"Enyelle"
"2761","Lokoko1","E99","F","Essembo","Adulte",3019.91995986196,3019.91995986196,3019.91995986196,3,1,"Enyelle"
"424","Wongo5","BE4","M","Ngongou","Adulte",NA,-Inf,-Inf,13,0,"betou"
"818","Wongo5","BE8","F","","Adulte",NA,-Inf,-Inf,11,0,"betou"
"1016","Wongo3","BE10","M","Kenkenze","Adulte",1186.86355389804,2242.1322609352,131.594846860887,14,2,"betou"
"1113","Wongo3","BE12","F","","Adulte",2242.1322609352,2242.1322609352,2242.1322609352,12,1,"betou"
"1213","Wongo2","BE13","M","Bétou","Personne âgée",41467.1429998092,68164.4949811906,14769.7910184279,13,2,"betou"
"1415","Wongo3","BE15","M","Kenkenze","Adulte",1186.86355389804,2242.1322609352,131.594846860887,14,2,"betou"
"1610","Wongo2","BE17","F","Kenkenze","Personne âgée",2300.77958010419,2300.77958010419,2300.77958010419,11,1,"betou"
"1713","Wongo1","BE18","M","Mongoumba","Adulte",NA,-Inf,-Inf,11,0,"betou"
"1810","Koueta","BE19","F","Wongo1","Personne âgée",NA,-Inf,-Inf,8,1,"betou"
"1911","Wongo1","BE20","M","Mongoumba","Personne âgée",NA,-Inf,-Inf,12,0,"betou"
"2012","Wongo1","BE21","F","","Personne âgée",14502.5608383559,14502.5608383559,14502.5608383559,12,1,"betou"
"254","Popo3","BE26","M","Bétou","Adulte",NA,-Inf,-Inf,10,1,"betou"
"303","Popo1","BE31","M","Bétou","Adulte",246054.428500095,884270.205809933,160515.116373446,15,4,"betou"
"318","Bobo1","BE32","F","Enyelle","Adulte",NA,-Inf,-Inf,19,0,"betou"
"326","Popo1","BE33","F","","Adulte",16786.1996039867,16786.1996039867,16786.1996039867,10,2,"betou"
"3510","Popo3","BE36","M","Bétou","Adulte",NA,-Inf,-Inf,10,1,"betou"
"377","Popo3","BE39","F","Bétou","Adulte",NA,-Inf,-Inf,8,1,"betou"
"385","Popo3","BE40","F","Bétou","Adulte",NA,-Inf,-Inf,1,0,"betou"
"463","Bobo1","BE48","M","Bétou","Adulte",NA,-Inf,-Inf,14,0,"betou"
"483","Bobo1","BE50","F","Bétou","Adolescent",NA,-Inf,-Inf,11,0,"betou"
"494","Bobo1","BE51","M","","Adulte",NA,-Inf,-Inf,13,0,"betou"
"504","Bobo1","BE52","F","Bobo1","Adulte",NA,-Inf,-Inf,19,0,"betou"
"555","Ngola3","BE57","F","Mimbelli","Adulte",NA,-Inf,-Inf,12,0,"betou"
"584","Mondika","BE60","M","","Adulte",520827.304505048,883246.305614614,158408.303395481,32,2,"betou"
"596","Ngola3","BE61","F","Enyelle","Adulte",NA,-Inf,-Inf,17,0,"betou"
"615","Wongo5","BE63","M","Kenkenze","Adulte",NA,-Inf,-Inf,9,0,"betou"
"621","Wongo5","BE64","F","","Adolescent",15188.9594725149,15188.9594725149,15188.9594725149,9,1,"betou"
"633","Wongo5","BE65","F","","Adolescent",15188.9594725149,15188.9594725149,15188.9594725149,9,1,"betou"
"644","Wongo5","BE66","F","Bétou","Adulte",NA,-Inf,-Inf,9,0,"betou"
"718","Wongo3","BE73","M","","Adulte",NA,-Inf,-Inf,11,0,"betou"
"735","Wongo2","BE75","M","Bétou","Adulte",28329.3978723797,181491.73471107,27892.9357178015,23,5,"betou"
"743","Wongo3","BE76","F","","Adulte",NA,-Inf,-Inf,9,0,"betou"
"754","Wongo3","BE77","F","Kenkenze","Adulte",NA,-Inf,-Inf,8,0,"betou"
"774","Wongo2","BE79","F","Kenkenze","Adulte",14769.7910184279,14769.7910184279,14769.7910184279,10,1,"betou"
"783","Wongo1","BE80","M","","Adulte",14502.5608383559,14502.5608383559,14502.5608383559,5,1,"betou"
"803","Wongo1","BE82","M","Kenkenze","Adulte",312866.822573406,906620.286319326,14502.5608383559,44,3,"betou"
"824","Wongo1","BE84","F","Mongoumba(Centrafrique)","Adulte",14502.5608383559,14502.5608383559,14502.5608383559,15,1,"betou"
"844","Koueta","BE86","F","(Centrafrique)","Personne âgée",NA,-Inf,-Inf,3,0,"betou"
"885","Koueta","BE90","M","Wongo1","Adulte",164425.14987108,887850.618691564,21498.079487614,18,3,"betou"
"894","Popo2","BE91","F","Wongo2","Adulte",NA,-Inf,-Inf,5,0,"betou"
"917","Popo2","BE93","M","Wongo4","Adulte",164188.286607879,887625.275305809,5818.58936061242,23,3,"betou"
"923","Popo1","BE94","M","","Adulte",23809.6832486286,23809.6832486286,23809.6832486286,17,2,"betou"
"942","Popo1","BE96","F","Bétou","Adulte",4888.71977624945,4888.71977624945,4888.71977624945,15,1,"betou"
"1004","Bobo1","BE102","F","Bétou","Adulte",NA,-Inf,-Inf,18,0,"betou"
"1054","Bobo1","BE107","F","Enyelle","Adulte",20030.300121231,20030.300121231,20030.300121231,12,1,"betou"
"1063","Bobo1","BE108","M","","Adulte",NA,-Inf,-Inf,17,0,"betou"
"1073","Bobo1","BE109","M","Bétou","Adulte",NA,-Inf,-Inf,20,0,"betou"
"1114","Bobo1","BE113","M","Bobo1","Adulte",10897.5236689681,20030.300121231,1764.7472167051,14,2,"betou"
"1123","Ngola2","BE114","M","","Adolescent",9264.62924779644,9264.62924779644,9264.62924779644,12,2,"betou"
"1133","Bobo1","BE115","F","Boyelé","Adulte",NA,-Inf,-Inf,12,1,"betou"
"1153","Ngola2","BE117","F","Bétou","Adulte",79812.3400429355,157575.973441216,2048.70664465525,13,2,"betou"
"1193","Mondika","BE121","M","Bétou","Adulte",NA,-Inf,-Inf,7,0,"betou"
"1223","Mondika","BE124","F","Bétou","Adolescent",NA,-Inf,-Inf,1,0,"betou"
"1234","Mondika","BE125","F","Bétou","Adulte",NA,-Inf,-Inf,8,0,"betou"
"1254","Mondika","BE127","M","Mondika","FALSE",NA,-Inf,-Inf,0,0,"betou"
"1263","Mondika","BE128","M","Bétou","Adolescent",NA,-Inf,-Inf,10,0,"betou"
"1274","Mondika","BE129","F","Bétou","Adulte",NA,-Inf,-Inf,14,0,"betou"
